Martian Runtime - v4.0.15
Serving UI at http://compute-10.odap.ico.local:38331?auth=a-GVYR12iQhmYAyc6QBWDcgcYyIU3z9llqGu1kW227U

Running preflight checks (please wait)...
Checking sample info...
Checking FASTQ folder...
Checking reference...
Checking reference_path (/mnt/nas-0/hydra/ubs/shared/users/Nuria/courses/scRNA/CellRenger/data/refdata-gex-GRCh38-2024-A) on compute-10.odap.ico.local...
Checking optional arguments...
mro: v4.0.15
mrp: v4.0.15
python: Python 3.12.13
numpy: 2.4.6
scipy: 1.17.1
pysam: 0.24.0
h5py: 3.16.0
pandas: 2.2.3
STAR: 2.7.2a
samtools: samtools 1.16.1
2026-07-23 13:14:10 [runtime] (ready)           ID.Healthy_1.SC_RNA_COUNTER_CS.SC_MULTI_CORE.MAKE_FULL_CONFIG._MAKE_VDJ_CONFIG
2026-07-23 13:14:10 [runtime] (run:local)       ID.Healthy_1.SC_RNA_COUNTER_CS.SC_MULTI_CORE.MAKE_FULL_CONFIG._MAKE_VDJ_CONFIG.fork0.chnk0.main
2026-07-23 13:14:10 [runtime] (ready)           ID.Healthy_1.SC_RNA_COUNTER_CS.WRITE_GENE_INDEX
2026-07-23 13:14:10 [runtime] (run:local)       ID.Healthy_1.SC_RNA_COUNTER_CS.WRITE_GENE_INDEX.fork0.chnk0.main
2026-07-23 13:14:10 [runtime] (ready)           ID.Healthy_1.SC_RNA_COUNTER_CS.SC_MULTI_CORE.SANITIZE_MAP_CALLS
2026-07-23 13:14:10 [runtime] (ready)           ID.Healthy_1.SC_RNA_COUNTER_CS.SC_MULTI_CORE.COPY_VDJ_REFERENCE
2026-07-23 13:14:10 [runtime] (ready)           ID.Healthy_1.SC_RNA_COUNTER_CS.COPY_CHEMISTRY_SPEC
2026-07-23 13:14:11 [runtime] (run:local)       ID.Healthy_1.SC_RNA_COUNTER_CS.COPY_CHEMISTRY_SPEC.fork0.chnk0.main
2026-07-23 13:14:11 [runtime] (ready)           ID.Healthy_1.SC_RNA_COUNTER_CS.SC_MULTI_CORE.SPLIT_VDJ_INPUTS
2026-07-23 13:14:11 [runtime] (ready)           ID.Healthy_1.SC_RNA_COUNTER_CS.SETUP_REFERENCE_INFO
2026-07-23 13:14:11 [runtime] (run:local)       ID.Healthy_1.SC_RNA_COUNTER_CS.SETUP_REFERENCE_INFO.fork0.chnk0.main
2026-07-23 13:14:11 [runtime] (ready)           ID.Healthy_1.SC_RNA_COUNTER_CS.SC_MULTI_CORE.MULTI_CHEMISTRY_DETECTOR.CHECK_SINGLE_BEAM_MODE
2026-07-23 13:14:11 [runtime] (chunks_complete) ID.Healthy_1.SC_RNA_COUNTER_CS.SC_MULTI_CORE.MAKE_FULL_CONFIG._MAKE_VDJ_CONFIG
2026-07-23 13:14:11 [runtime] (ready)           ID.Healthy_1.SC_RNA_COUNTER_CS.SC_MULTI_CORE.MULTI_GEM_WELL_PROCESSOR.VDJ_T_GD_GEM_WELL_PROCESSOR.MULTI_SETUP_CHUNKS
2026-07-23 13:14:11 [runtime] (ready)           ID.Healthy_1.SC_RNA_COUNTER_CS.SC_MULTI_CORE.MULTI_GEM_WELL_PROCESSOR.VDJ_T_GD_GEM_WELL_PROCESSOR.SETUP_VDJ_DEMUX
2026-07-23 13:14:11 [runtime] (ready)           ID.Healthy_1.SC_RNA_COUNTER_CS.SC_MULTI_CORE.MULTI_GEM_WELL_PROCESSOR.VDJ_T_GEM_WELL_PROCESSOR.SETUP_VDJ_DEMUX
2026-07-23 13:14:11 [runtime] (ready)           ID.Healthy_1.SC_RNA_COUNTER_CS.SC_MULTI_CORE.MULTI_GEM_WELL_PROCESSOR.VDJ_B_GEM_WELL_PROCESSOR.SETUP_VDJ_DEMUX
2026-07-23 13:14:11 [runtime] (ready)           ID.Healthy_1.SC_RNA_COUNTER_CS.SC_MULTI_CORE.MULTI_GEM_WELL_PROCESSOR.VDJ_B_GEM_WELL_PROCESSOR.MULTI_SETUP_CHUNKS
2026-07-23 13:14:11 [runtime] (ready)           ID.Healthy_1.SC_RNA_COUNTER_CS.SC_MULTI_CORE.MULTI_GEM_WELL_PROCESSOR.VDJ_T_GEM_WELL_PROCESSOR.MULTI_SETUP_CHUNKS
2026-07-23 13:14:11 [runtime] (ready)           ID.Healthy_1.SC_RNA_COUNTER_CS.SC_MULTI_CORE.MULTI_GEM_WELL_PROCESSOR.VDJ_B_GEM_WELL_PROCESSOR.SC_VDJ_CONTIG_ASSEMBLER.MAKE_SHARD
2026-07-23 13:14:11 [runtime] (ready)           ID.Healthy_1.SC_RNA_COUNTER_CS.SC_MULTI_CORE.MULTI_GEM_WELL_PROCESSOR.VDJ_T_GD_GEM_WELL_PROCESSOR.SC_VDJ_CONTIG_ASSEMBLER.MAKE_SHARD
2026-07-23 13:14:11 [runtime] (ready)           ID.Healthy_1.SC_RNA_COUNTER_CS.SC_MULTI_CORE.MULTI_GEM_WELL_PROCESSOR.VDJ_B_GEM_WELL_PROCESSOR.SC_VDJ_CONTIG_ASSEMBLER.BARCODE_CORRECTION
2026-07-23 13:14:11 [runtime] (ready)           ID.Healthy_1.SC_RNA_COUNTER_CS.SC_MULTI_CORE.MULTI_GEM_WELL_PROCESSOR.VDJ_T_GD_GEM_WELL_PROCESSOR.SC_VDJ_CONTIG_ASSEMBLER.BARCODE_CORRECTION
2026-07-23 13:14:11 [runtime] (ready)           ID.Healthy_1.SC_RNA_COUNTER_CS.SC_MULTI_CORE.MULTI_GEM_WELL_PROCESSOR.VDJ_T_GEM_WELL_PROCESSOR.SC_VDJ_CONTIG_ASSEMBLER.MAKE_SHARD
2026-07-23 13:14:11 [runtime] (ready)           ID.Healthy_1.SC_RNA_COUNTER_CS.SC_MULTI_CORE.MULTI_GEM_WELL_PROCESSOR.VDJ_T_GD_GEM_WELL_PROCESSOR.SC_VDJ_CONTIG_ASSEMBLER.RUST_BRIDGE
2026-07-23 13:14:11 [runtime] (ready)           ID.Healthy_1.SC_RNA_COUNTER_CS.SC_MULTI_CORE.MULTI_GEM_WELL_PROCESSOR.VDJ_B_GEM_WELL_PROCESSOR.SC_VDJ_CONTIG_ASSEMBLER.RUST_BRIDGE
2026-07-23 13:14:11 [runtime] (ready)           ID.Healthy_1.SC_RNA_COUNTER_CS.SC_MULTI_CORE.MULTI_GEM_WELL_PROCESSOR.VDJ_B_GEM_WELL_PROCESSOR.SC_VDJ_CONTIG_ASSEMBLER.MERGE_METRICS
2026-07-23 13:14:11 [runtime] (ready)           ID.Healthy_1.SC_RNA_COUNTER_CS.SC_MULTI_CORE.MULTI_GEM_WELL_PROCESSOR.VDJ_T_GEM_WELL_PROCESSOR.SC_VDJ_CONTIG_ASSEMBLER.BARCODE_CORRECTION
2026-07-23 13:14:11 [runtime] (ready)           ID.Healthy_1.SC_RNA_COUNTER_CS.SC_MULTI_CORE.MULTI_GEM_WELL_PROCESSOR.VDJ_T_GD_GEM_WELL_PROCESSOR.SC_VDJ_CONTIG_ASSEMBLER.MERGE_METRICS
2026-07-23 13:14:11 [runtime] (ready)           ID.Healthy_1.SC_RNA_COUNTER_CS.SC_MULTI_CORE.MULTI_GEM_WELL_PROCESSOR.VDJ_T_GD_GEM_WELL_PROCESSOR.SC_VDJ_CONTIG_ASSEMBLER.ASSEMBLE_VDJ
2026-07-23 13:14:11 [runtime] (chunks_complete) ID.Healthy_1.SC_RNA_COUNTER_CS.SETUP_REFERENCE_INFO
2026-07-23 13:14:12 [runtime] (ready)           ID.Healthy_1.SC_RNA_COUNTER_CS.SC_MULTI_CORE.MULTI_GEM_WELL_PROCESSOR.VDJ_B_GEM_WELL_PROCESSOR.SC_VDJ_CONTIG_ASSEMBLER.ASSEMBLE_VDJ
2026-07-23 13:14:12 [runtime] (ready)           ID.Healthy_1.SC_RNA_COUNTER_CS.SC_MULTI_CORE.MULTI_GEM_WELL_PROCESSOR.VDJ_T_GEM_WELL_PROCESSOR.SC_VDJ_CONTIG_ASSEMBLER.RUST_BRIDGE
2026-07-23 13:14:12 [runtime] (chunks_complete) ID.Healthy_1.SC_RNA_COUNTER_CS.COPY_CHEMISTRY_SPEC
2026-07-23 13:14:12 [runtime] (ready)           ID.Healthy_1.SC_RNA_COUNTER_CS.FULL_COUNT_INPUTS.WRITE_GENE_INDEX
2026-07-23 13:14:12 [runtime] (run:local)       ID.Healthy_1.SC_RNA_COUNTER_CS.FULL_COUNT_INPUTS.WRITE_GENE_INDEX.fork0.chnk0.main
2026-07-23 13:14:12 [runtime] (ready)           ID.Healthy_1.SC_RNA_COUNTER_CS.SC_MULTI_CORE.MULTI_GEM_WELL_PROCESSOR.VDJ_T_GEM_WELL_PROCESSOR.SC_VDJ_CONTIG_ASSEMBLER.ASSEMBLE_VDJ
2026-07-23 13:14:12 [runtime] (ready)           ID.Healthy_1.SC_RNA_COUNTER_CS.SC_MULTI_CORE.MULTI_GEM_WELL_PROCESSOR.VDJ_T_GEM_WELL_PROCESSOR.SC_VDJ_CONTIG_ASSEMBLER.MERGE_METRICS
2026-07-23 13:14:12 [runtime] (ready)           ID.Healthy_1.SC_RNA_COUNTER_CS.SC_MULTI_CORE.MULTI_CHEMISTRY_DETECTOR.DETECT_COUNT_CHEMISTRY
2026-07-23 13:14:12 [runtime] (run:local)       ID.Healthy_1.SC_RNA_COUNTER_CS.SC_MULTI_CORE.MULTI_CHEMISTRY_DETECTOR.DETECT_COUNT_CHEMISTRY.fork0.chnk0.main
2026-07-23 13:14:33 [runtime] (chunks_complete) ID.Healthy_1.SC_RNA_COUNTER_CS.WRITE_GENE_INDEX
2026-07-23 13:14:34 [runtime] (chunks_complete) ID.Healthy_1.SC_RNA_COUNTER_CS.FULL_COUNT_INPUTS.WRITE_GENE_INDEX
2026-07-23 13:14:36 [runtime] (chunks_complete) ID.Healthy_1.SC_RNA_COUNTER_CS.SC_MULTI_CORE.MULTI_CHEMISTRY_DETECTOR.DETECT_COUNT_CHEMISTRY
2026-07-23 13:14:36 [runtime] (ready)           ID.Healthy_1.SC_RNA_COUNTER_CS.SC_MULTI_CORE.MULTI_CHEMISTRY_DETECTOR.CHECK_BARCODES_COMPATIBILITY
2026-07-23 13:14:36 [runtime] (run:local)       ID.Healthy_1.SC_RNA_COUNTER_CS.SC_MULTI_CORE.MULTI_CHEMISTRY_DETECTOR.CHECK_BARCODES_COMPATIBILITY.fork0.chnk0.main
2026-07-23 13:14:36 [runtime] (ready)           ID.Healthy_1.SC_RNA_COUNTER_CS.SC_MULTI_CORE.MULTI_GEM_WELL_PROCESSOR.COUNT_GEM_WELL_PROCESSOR.MULTI_SETUP_CHUNKS
2026-07-23 13:14:36 [runtime] (run:local)       ID.Healthy_1.SC_RNA_COUNTER_CS.SC_MULTI_CORE.MULTI_GEM_WELL_PROCESSOR.COUNT_GEM_WELL_PROCESSOR.MULTI_SETUP_CHUNKS.fork0.chnk0.main
2026-07-23 13:14:36 [runtime] (ready)           ID.Healthy_1.SC_RNA_COUNTER_CS.SC_MULTI_CORE.CREATE_MULTI_GRAPH
2026-07-23 13:14:36 [runtime] (ready)           ID.Healthy_1.SC_RNA_COUNTER_CS.SC_MULTI_CORE.MULTI_GEM_WELL_PROCESSOR.COUNT_GEM_WELL_PROCESSOR.PARSE_TARGET_FEATURES
2026-07-23 13:14:37 [runtime] (run:local)       ID.Healthy_1.SC_RNA_COUNTER_CS.SC_MULTI_CORE.MULTI_GEM_WELL_PROCESSOR.COUNT_GEM_WELL_PROCESSOR.PARSE_TARGET_FEATURES.fork0.chnk0.main
2026-07-23 13:14:37 [runtime] (ready)           ID.Healthy_1.SC_RNA_COUNTER_CS.SC_MULTI_CORE.MULTI_CHEMISTRY_DETECTOR.COMBINE_CHEMISTRY_DEFS
2026-07-23 13:14:37 [runtime] (run:local)       ID.Healthy_1.SC_RNA_COUNTER_CS.SC_MULTI_CORE.MULTI_CHEMISTRY_DETECTOR.COMBINE_CHEMISTRY_DEFS.fork0.chnk0.main
2026-07-23 13:14:37 [runtime] (chunks_complete) ID.Healthy_1.SC_RNA_COUNTER_CS.SC_MULTI_CORE.MULTI_GEM_WELL_PROCESSOR.COUNT_GEM_WELL_PROCESSOR.MULTI_SETUP_CHUNKS
2026-07-23 13:14:37 [runtime] (chunks_complete) ID.Healthy_1.SC_RNA_COUNTER_CS.SC_MULTI_CORE.MULTI_CHEMISTRY_DETECTOR.CHECK_BARCODES_COMPATIBILITY
2026-07-23 13:14:37 [runtime] (chunks_complete) ID.Healthy_1.SC_RNA_COUNTER_CS.SC_MULTI_CORE.MULTI_CHEMISTRY_DETECTOR.COMBINE_CHEMISTRY_DEFS
2026-07-23 13:14:37 [runtime] (chunks_complete) ID.Healthy_1.SC_RNA_COUNTER_CS.SC_MULTI_CORE.MULTI_GEM_WELL_PROCESSOR.COUNT_GEM_WELL_PROCESSOR.PARSE_TARGET_FEATURES
2026-07-23 13:14:38 [runtime] (ready)           ID.Healthy_1.SC_RNA_COUNTER_CS.SC_MULTI_CORE.MULTI_GEM_WELL_PROCESSOR.COUNT_GEM_WELL_PROCESSOR.SETUP_REFERENCE_INFO
2026-07-23 13:14:38 [runtime] (run:local)       ID.Healthy_1.SC_RNA_COUNTER_CS.SC_MULTI_CORE.MULTI_GEM_WELL_PROCESSOR.COUNT_GEM_WELL_PROCESSOR.SETUP_REFERENCE_INFO.fork0.chnk0.main
2026-07-23 13:14:38 [runtime] (ready)           ID.Healthy_1.SC_RNA_COUNTER_CS.SC_MULTI_CORE.MULTI_GEM_WELL_PROCESSOR.MAKE_VDJ_FILTER_SWITCH
2026-07-23 13:14:38 [runtime] (run:local)       ID.Healthy_1.SC_RNA_COUNTER_CS.SC_MULTI_CORE.MULTI_GEM_WELL_PROCESSOR.MAKE_VDJ_FILTER_SWITCH.fork0.chnk0.main
2026-07-23 13:14:38 [runtime] (chunks_complete) ID.Healthy_1.SC_RNA_COUNTER_CS.SC_MULTI_CORE.MULTI_GEM_WELL_PROCESSOR.COUNT_GEM_WELL_PROCESSOR.SETUP_REFERENCE_INFO
2026-07-23 13:14:38 [runtime] (ready)           ID.Healthy_1.SC_RNA_COUNTER_CS.SC_MULTI_CORE.MULTI_GEM_WELL_PROCESSOR.COUNT_GEM_WELL_PROCESSOR._BASIC_SC_RNA_COUNTER._MATRIX_COMPUTER.WRITE_MINIMAP_INDEX
2026-07-23 13:14:38 [runtime] (ready)           ID.Healthy_1.SC_RNA_COUNTER_CS.SC_MULTI_CORE.MULTI_GEM_WELL_PROCESSOR.COUNT_GEM_WELL_PROCESSOR._BASIC_SC_RNA_COUNTER._MATRIX_COMPUTER.MAKE_SHARD
2026-07-23 13:14:38 [runtime] (run:local)       ID.Healthy_1.SC_RNA_COUNTER_CS.SC_MULTI_CORE.MULTI_GEM_WELL_PROCESSOR.COUNT_GEM_WELL_PROCESSOR._BASIC_SC_RNA_COUNTER._MATRIX_COMPUTER.MAKE_SHARD.fork0.split
2026-07-23 13:14:38 [runtime] (chunks_complete) ID.Healthy_1.SC_RNA_COUNTER_CS.SC_MULTI_CORE.MULTI_GEM_WELL_PROCESSOR.MAKE_VDJ_FILTER_SWITCH
2026-07-23 13:14:38 [runtime] (ready)           ID.Healthy_1.SC_RNA_COUNTER_CS.SC_MULTI_CORE.MULTI_GEM_WELL_PROCESSOR.VDJ_T_GD_GEM_WELL_PROCESSOR.ASM_CALL_CELLS
2026-07-23 13:14:38 [runtime] (ready)           ID.Healthy_1.SC_RNA_COUNTER_CS.SC_MULTI_CORE.MULTI_GEM_WELL_PROCESSOR.VDJ_B_GEM_WELL_PROCESSOR.ASM_CALL_CELLS
2026-07-23 13:14:38 [runtime] (ready)           ID.Healthy_1.SC_RNA_COUNTER_CS.SC_MULTI_CORE.MULTI_GEM_WELL_PROCESSOR.VDJ_T_GEM_WELL_PROCESSOR.ASM_CALL_CELLS
2026-07-23 13:14:46 [runtime] (split_complete)  ID.Healthy_1.SC_RNA_COUNTER_CS.SC_MULTI_CORE.MULTI_GEM_WELL_PROCESSOR.COUNT_GEM_WELL_PROCESSOR._BASIC_SC_RNA_COUNTER._MATRIX_COMPUTER.MAKE_SHARD
2026-07-23 13:14:46 [runtime] (run:local)       ID.Healthy_1.SC_RNA_COUNTER_CS.SC_MULTI_CORE.MULTI_GEM_WELL_PROCESSOR.COUNT_GEM_WELL_PROCESSOR._BASIC_SC_RNA_COUNTER._MATRIX_COMPUTER.MAKE_SHARD.fork0.chnk0.main
2026-07-23 13:20:48 [runtime] (update)          ID.Healthy_1.SC_RNA_COUNTER_CS.SC_MULTI_CORE.MULTI_GEM_WELL_PROCESSOR.COUNT_GEM_WELL_PROCESSOR._BASIC_SC_RNA_COUNTER._MATRIX_COMPUTER.MAKE_SHARD.fork0 chunks_running
2026-07-23 13:26:50 [runtime] (update)          ID.Healthy_1.SC_RNA_COUNTER_CS.SC_MULTI_CORE.MULTI_GEM_WELL_PROCESSOR.COUNT_GEM_WELL_PROCESSOR._BASIC_SC_RNA_COUNTER._MATRIX_COMPUTER.MAKE_SHARD.fork0 chunks_running
2026-07-23 13:28:49 [runtime] (chunks_complete) ID.Healthy_1.SC_RNA_COUNTER_CS.SC_MULTI_CORE.MULTI_GEM_WELL_PROCESSOR.COUNT_GEM_WELL_PROCESSOR._BASIC_SC_RNA_COUNTER._MATRIX_COMPUTER.MAKE_SHARD
2026-07-23 13:28:49 [runtime] (run:local)       ID.Healthy_1.SC_RNA_COUNTER_CS.SC_MULTI_CORE.MULTI_GEM_WELL_PROCESSOR.COUNT_GEM_WELL_PROCESSOR._BASIC_SC_RNA_COUNTER._MATRIX_COMPUTER.MAKE_SHARD.fork0.join
2026-07-23 13:28:50 [runtime] (join_complete)   ID.Healthy_1.SC_RNA_COUNTER_CS.SC_MULTI_CORE.MULTI_GEM_WELL_PROCESSOR.COUNT_GEM_WELL_PROCESSOR._BASIC_SC_RNA_COUNTER._MATRIX_COMPUTER.MAKE_SHARD
2026-07-23 13:28:50 [runtime] (ready)           ID.Healthy_1.SC_RNA_COUNTER_CS.SC_MULTI_CORE.MULTI_GEM_WELL_PROCESSOR.COUNT_GEM_WELL_PROCESSOR._BASIC_SC_RNA_COUNTER._MATRIX_COMPUTER.MAKE_CORRECTION_MAP
2026-07-23 13:28:50 [runtime] (run:local)       ID.Healthy_1.SC_RNA_COUNTER_CS.SC_MULTI_CORE.MULTI_GEM_WELL_PROCESSOR.COUNT_GEM_WELL_PROCESSOR._BASIC_SC_RNA_COUNTER._MATRIX_COMPUTER.MAKE_CORRECTION_MAP.fork0.split
2026-07-23 13:28:50 [runtime] (split_complete)  ID.Healthy_1.SC_RNA_COUNTER_CS.SC_MULTI_CORE.MULTI_GEM_WELL_PROCESSOR.COUNT_GEM_WELL_PROCESSOR._BASIC_SC_RNA_COUNTER._MATRIX_COMPUTER.MAKE_CORRECTION_MAP
2026-07-23 13:28:50 [runtime] (run:local)       ID.Healthy_1.SC_RNA_COUNTER_CS.SC_MULTI_CORE.MULTI_GEM_WELL_PROCESSOR.COUNT_GEM_WELL_PROCESSOR._BASIC_SC_RNA_COUNTER._MATRIX_COMPUTER.MAKE_CORRECTION_MAP.fork0.join
2026-07-23 13:28:50 [runtime] (join_complete)   ID.Healthy_1.SC_RNA_COUNTER_CS.SC_MULTI_CORE.MULTI_GEM_WELL_PROCESSOR.COUNT_GEM_WELL_PROCESSOR._BASIC_SC_RNA_COUNTER._MATRIX_COMPUTER.MAKE_CORRECTION_MAP
2026-07-23 13:28:50 [runtime] (ready)           ID.Healthy_1.SC_RNA_COUNTER_CS.SC_MULTI_CORE.MULTI_GEM_WELL_PROCESSOR.COUNT_GEM_WELL_PROCESSOR._BASIC_SC_RNA_COUNTER._MATRIX_COMPUTER.BARCODE_CORRECTION
2026-07-23 13:28:50 [runtime] (run:local)       ID.Healthy_1.SC_RNA_COUNTER_CS.SC_MULTI_CORE.MULTI_GEM_WELL_PROCESSOR.COUNT_GEM_WELL_PROCESSOR._BASIC_SC_RNA_COUNTER._MATRIX_COMPUTER.BARCODE_CORRECTION.fork0.split
2026-07-23 13:28:51 [runtime] (split_complete)  ID.Healthy_1.SC_RNA_COUNTER_CS.SC_MULTI_CORE.MULTI_GEM_WELL_PROCESSOR.COUNT_GEM_WELL_PROCESSOR._BASIC_SC_RNA_COUNTER._MATRIX_COMPUTER.BARCODE_CORRECTION
2026-07-23 13:28:51 [runtime] (run:local)       ID.Healthy_1.SC_RNA_COUNTER_CS.SC_MULTI_CORE.MULTI_GEM_WELL_PROCESSOR.COUNT_GEM_WELL_PROCESSOR._BASIC_SC_RNA_COUNTER._MATRIX_COMPUTER.BARCODE_CORRECTION.fork0.chnk00.main
2026-07-23 13:28:51 [runtime] (run:local)       ID.Healthy_1.SC_RNA_COUNTER_CS.SC_MULTI_CORE.MULTI_GEM_WELL_PROCESSOR.COUNT_GEM_WELL_PROCESSOR._BASIC_SC_RNA_COUNTER._MATRIX_COMPUTER.BARCODE_CORRECTION.fork0.chnk01.main
2026-07-23 13:28:51 [runtime] (run:local)       ID.Healthy_1.SC_RNA_COUNTER_CS.SC_MULTI_CORE.MULTI_GEM_WELL_PROCESSOR.COUNT_GEM_WELL_PROCESSOR._BASIC_SC_RNA_COUNTER._MATRIX_COMPUTER.BARCODE_CORRECTION.fork0.chnk02.main
2026-07-23 13:28:51 [runtime] (run:local)       ID.Healthy_1.SC_RNA_COUNTER_CS.SC_MULTI_CORE.MULTI_GEM_WELL_PROCESSOR.COUNT_GEM_WELL_PROCESSOR._BASIC_SC_RNA_COUNTER._MATRIX_COMPUTER.BARCODE_CORRECTION.fork0.chnk03.main
2026-07-23 13:28:51 [runtime] (run:local)       ID.Healthy_1.SC_RNA_COUNTER_CS.SC_MULTI_CORE.MULTI_GEM_WELL_PROCESSOR.COUNT_GEM_WELL_PROCESSOR._BASIC_SC_RNA_COUNTER._MATRIX_COMPUTER.BARCODE_CORRECTION.fork0.chnk04.main
2026-07-23 13:28:51 [runtime] (run:local)       ID.Healthy_1.SC_RNA_COUNTER_CS.SC_MULTI_CORE.MULTI_GEM_WELL_PROCESSOR.COUNT_GEM_WELL_PROCESSOR._BASIC_SC_RNA_COUNTER._MATRIX_COMPUTER.BARCODE_CORRECTION.fork0.chnk05.main
2026-07-23 13:28:51 [runtime] (run:local)       ID.Healthy_1.SC_RNA_COUNTER_CS.SC_MULTI_CORE.MULTI_GEM_WELL_PROCESSOR.COUNT_GEM_WELL_PROCESSOR._BASIC_SC_RNA_COUNTER._MATRIX_COMPUTER.BARCODE_CORRECTION.fork0.chnk06.main
2026-07-23 13:28:51 [runtime] (run:local)       ID.Healthy_1.SC_RNA_COUNTER_CS.SC_MULTI_CORE.MULTI_GEM_WELL_PROCESSOR.COUNT_GEM_WELL_PROCESSOR._BASIC_SC_RNA_COUNTER._MATRIX_COMPUTER.BARCODE_CORRECTION.fork0.chnk07.main
2026-07-23 13:28:51 [runtime] (run:local)       ID.Healthy_1.SC_RNA_COUNTER_CS.SC_MULTI_CORE.MULTI_GEM_WELL_PROCESSOR.COUNT_GEM_WELL_PROCESSOR._BASIC_SC_RNA_COUNTER._MATRIX_COMPUTER.BARCODE_CORRECTION.fork0.chnk08.main
2026-07-23 13:28:51 [runtime] (run:local)       ID.Healthy_1.SC_RNA_COUNTER_CS.SC_MULTI_CORE.MULTI_GEM_WELL_PROCESSOR.COUNT_GEM_WELL_PROCESSOR._BASIC_SC_RNA_COUNTER._MATRIX_COMPUTER.BARCODE_CORRECTION.fork0.chnk09.main
2026-07-23 13:28:51 [runtime] (run:local)       ID.Healthy_1.SC_RNA_COUNTER_CS.SC_MULTI_CORE.MULTI_GEM_WELL_PROCESSOR.COUNT_GEM_WELL_PROCESSOR._BASIC_SC_RNA_COUNTER._MATRIX_COMPUTER.BARCODE_CORRECTION.fork0.chnk10.main
2026-07-23 13:28:51 [runtime] (run:local)       ID.Healthy_1.SC_RNA_COUNTER_CS.SC_MULTI_CORE.MULTI_GEM_WELL_PROCESSOR.COUNT_GEM_WELL_PROCESSOR._BASIC_SC_RNA_COUNTER._MATRIX_COMPUTER.BARCODE_CORRECTION.fork0.chnk11.main
2026-07-23 13:28:51 [runtime] (run:local)       ID.Healthy_1.SC_RNA_COUNTER_CS.SC_MULTI_CORE.MULTI_GEM_WELL_PROCESSOR.COUNT_GEM_WELL_PROCESSOR._BASIC_SC_RNA_COUNTER._MATRIX_COMPUTER.BARCODE_CORRECTION.fork0.chnk12.main
2026-07-23 13:28:51 [runtime] (run:local)       ID.Healthy_1.SC_RNA_COUNTER_CS.SC_MULTI_CORE.MULTI_GEM_WELL_PROCESSOR.COUNT_GEM_WELL_PROCESSOR._BASIC_SC_RNA_COUNTER._MATRIX_COMPUTER.BARCODE_CORRECTION.fork0.chnk13.main
2026-07-23 13:28:51 [runtime] (run:local)       ID.Healthy_1.SC_RNA_COUNTER_CS.SC_MULTI_CORE.MULTI_GEM_WELL_PROCESSOR.COUNT_GEM_WELL_PROCESSOR._BASIC_SC_RNA_COUNTER._MATRIX_COMPUTER.BARCODE_CORRECTION.fork0.chnk14.main
2026-07-23 13:28:51 [runtime] (run:local)       ID.Healthy_1.SC_RNA_COUNTER_CS.SC_MULTI_CORE.MULTI_GEM_WELL_PROCESSOR.COUNT_GEM_WELL_PROCESSOR._BASIC_SC_RNA_COUNTER._MATRIX_COMPUTER.BARCODE_CORRECTION.fork0.chnk15.main
2026-07-23 13:28:51 [runtime] (run:local)       ID.Healthy_1.SC_RNA_COUNTER_CS.SC_MULTI_CORE.MULTI_GEM_WELL_PROCESSOR.COUNT_GEM_WELL_PROCESSOR._BASIC_SC_RNA_COUNTER._MATRIX_COMPUTER.BARCODE_CORRECTION.fork0.chnk16.main
2026-07-23 13:28:51 [runtime] (run:local)       ID.Healthy_1.SC_RNA_COUNTER_CS.SC_MULTI_CORE.MULTI_GEM_WELL_PROCESSOR.COUNT_GEM_WELL_PROCESSOR._BASIC_SC_RNA_COUNTER._MATRIX_COMPUTER.BARCODE_CORRECTION.fork0.chnk17.main
2026-07-23 13:28:51 [runtime] (run:local)       ID.Healthy_1.SC_RNA_COUNTER_CS.SC_MULTI_CORE.MULTI_GEM_WELL_PROCESSOR.COUNT_GEM_WELL_PROCESSOR._BASIC_SC_RNA_COUNTER._MATRIX_COMPUTER.BARCODE_CORRECTION.fork0.chnk18.main
2026-07-23 13:28:51 [runtime] (run:local)       ID.Healthy_1.SC_RNA_COUNTER_CS.SC_MULTI_CORE.MULTI_GEM_WELL_PROCESSOR.COUNT_GEM_WELL_PROCESSOR._BASIC_SC_RNA_COUNTER._MATRIX_COMPUTER.BARCODE_CORRECTION.fork0.chnk19.main
2026-07-23 13:28:51 [runtime] (run:local)       ID.Healthy_1.SC_RNA_COUNTER_CS.SC_MULTI_CORE.MULTI_GEM_WELL_PROCESSOR.COUNT_GEM_WELL_PROCESSOR._BASIC_SC_RNA_COUNTER._MATRIX_COMPUTER.BARCODE_CORRECTION.fork0.chnk20.main
2026-07-23 13:28:51 [runtime] (run:local)       ID.Healthy_1.SC_RNA_COUNTER_CS.SC_MULTI_CORE.MULTI_GEM_WELL_PROCESSOR.COUNT_GEM_WELL_PROCESSOR._BASIC_SC_RNA_COUNTER._MATRIX_COMPUTER.BARCODE_CORRECTION.fork0.chnk21.main
2026-07-23 13:28:51 [runtime] (run:local)       ID.Healthy_1.SC_RNA_COUNTER_CS.SC_MULTI_CORE.MULTI_GEM_WELL_PROCESSOR.COUNT_GEM_WELL_PROCESSOR._BASIC_SC_RNA_COUNTER._MATRIX_COMPUTER.BARCODE_CORRECTION.fork0.chnk22.main
2026-07-23 13:29:21 [runtime] (chunks_complete) ID.Healthy_1.SC_RNA_COUNTER_CS.SC_MULTI_CORE.MULTI_GEM_WELL_PROCESSOR.COUNT_GEM_WELL_PROCESSOR._BASIC_SC_RNA_COUNTER._MATRIX_COMPUTER.BARCODE_CORRECTION
2026-07-23 13:29:21 [runtime] (run:local)       ID.Healthy_1.SC_RNA_COUNTER_CS.SC_MULTI_CORE.MULTI_GEM_WELL_PROCESSOR.COUNT_GEM_WELL_PROCESSOR._BASIC_SC_RNA_COUNTER._MATRIX_COMPUTER.BARCODE_CORRECTION.fork0.join
2026-07-23 13:29:24 [runtime] (join_complete)   ID.Healthy_1.SC_RNA_COUNTER_CS.SC_MULTI_CORE.MULTI_GEM_WELL_PROCESSOR.COUNT_GEM_WELL_PROCESSOR._BASIC_SC_RNA_COUNTER._MATRIX_COMPUTER.BARCODE_CORRECTION
2026-07-23 13:29:24 [runtime] (ready)           ID.Healthy_1.SC_RNA_COUNTER_CS.SC_MULTI_CORE.MULTI_GEM_WELL_PROCESSOR.COUNT_GEM_WELL_PROCESSOR._BASIC_SC_RNA_COUNTER._MATRIX_COMPUTER.ALIGN_AND_COUNT
2026-07-23 13:29:24 [runtime] (run:local)       ID.Healthy_1.SC_RNA_COUNTER_CS.SC_MULTI_CORE.MULTI_GEM_WELL_PROCESSOR.COUNT_GEM_WELL_PROCESSOR._BASIC_SC_RNA_COUNTER._MATRIX_COMPUTER.ALIGN_AND_COUNT.fork0.split
2026-07-23 13:29:24 [runtime] (ready)           ID.Healthy_1.SC_RNA_COUNTER_CS.SC_MULTI_CORE.MULTI_GEM_WELL_PROCESSOR.COUNT_GEM_WELL_PROCESSOR._BASIC_SC_RNA_COUNTER._MATRIX_COMPUTER.WRITE_BARCODE_INDEX
2026-07-23 13:29:25 [runtime] (run:local)       ID.Healthy_1.SC_RNA_COUNTER_CS.SC_MULTI_CORE.MULTI_GEM_WELL_PROCESSOR.COUNT_GEM_WELL_PROCESSOR._BASIC_SC_RNA_COUNTER._MATRIX_COMPUTER.WRITE_BARCODE_INDEX.fork0.chnk0.main
2026-07-23 13:29:25 [runtime] (chunks_complete) ID.Healthy_1.SC_RNA_COUNTER_CS.SC_MULTI_CORE.MULTI_GEM_WELL_PROCESSOR.COUNT_GEM_WELL_PROCESSOR._BASIC_SC_RNA_COUNTER._MATRIX_COMPUTER.WRITE_BARCODE_INDEX
2026-07-23 13:29:29 [runtime] (split_complete)  ID.Healthy_1.SC_RNA_COUNTER_CS.SC_MULTI_CORE.MULTI_GEM_WELL_PROCESSOR.COUNT_GEM_WELL_PROCESSOR._BASIC_SC_RNA_COUNTER._MATRIX_COMPUTER.ALIGN_AND_COUNT
2026-07-23 13:29:29 [runtime] (run:local)       ID.Healthy_1.SC_RNA_COUNTER_CS.SC_MULTI_CORE.MULTI_GEM_WELL_PROCESSOR.COUNT_GEM_WELL_PROCESSOR._BASIC_SC_RNA_COUNTER._MATRIX_COMPUTER.ALIGN_AND_COUNT.fork0.chnk00.main
2026-07-23 13:29:29 [runtime] (run:local)       ID.Healthy_1.SC_RNA_COUNTER_CS.SC_MULTI_CORE.MULTI_GEM_WELL_PROCESSOR.COUNT_GEM_WELL_PROCESSOR._BASIC_SC_RNA_COUNTER._MATRIX_COMPUTER.ALIGN_AND_COUNT.fork0.chnk01.main
2026-07-23 13:29:29 [runtime] (run:local)       ID.Healthy_1.SC_RNA_COUNTER_CS.SC_MULTI_CORE.MULTI_GEM_WELL_PROCESSOR.COUNT_GEM_WELL_PROCESSOR._BASIC_SC_RNA_COUNTER._MATRIX_COMPUTER.ALIGN_AND_COUNT.fork0.chnk02.main
2026-07-23 13:29:29 [runtime] (run:local)       ID.Healthy_1.SC_RNA_COUNTER_CS.SC_MULTI_CORE.MULTI_GEM_WELL_PROCESSOR.COUNT_GEM_WELL_PROCESSOR._BASIC_SC_RNA_COUNTER._MATRIX_COMPUTER.ALIGN_AND_COUNT.fork0.chnk03.main
2026-07-23 13:29:29 [runtime] (run:local)       ID.Healthy_1.SC_RNA_COUNTER_CS.SC_MULTI_CORE.MULTI_GEM_WELL_PROCESSOR.COUNT_GEM_WELL_PROCESSOR._BASIC_SC_RNA_COUNTER._MATRIX_COMPUTER.ALIGN_AND_COUNT.fork0.chnk04.main
2026-07-23 13:29:29 [runtime] (run:local)       ID.Healthy_1.SC_RNA_COUNTER_CS.SC_MULTI_CORE.MULTI_GEM_WELL_PROCESSOR.COUNT_GEM_WELL_PROCESSOR._BASIC_SC_RNA_COUNTER._MATRIX_COMPUTER.ALIGN_AND_COUNT.fork0.chnk05.main
2026-07-23 13:29:29 [runtime] (run:local)       ID.Healthy_1.SC_RNA_COUNTER_CS.SC_MULTI_CORE.MULTI_GEM_WELL_PROCESSOR.COUNT_GEM_WELL_PROCESSOR._BASIC_SC_RNA_COUNTER._MATRIX_COMPUTER.ALIGN_AND_COUNT.fork0.chnk06.main
2026-07-23 13:29:29 [runtime] (run:local)       ID.Healthy_1.SC_RNA_COUNTER_CS.SC_MULTI_CORE.MULTI_GEM_WELL_PROCESSOR.COUNT_GEM_WELL_PROCESSOR._BASIC_SC_RNA_COUNTER._MATRIX_COMPUTER.ALIGN_AND_COUNT.fork0.chnk07.main
2026-07-23 13:29:29 [runtime] (run:local)       ID.Healthy_1.SC_RNA_COUNTER_CS.SC_MULTI_CORE.MULTI_GEM_WELL_PROCESSOR.COUNT_GEM_WELL_PROCESSOR._BASIC_SC_RNA_COUNTER._MATRIX_COMPUTER.ALIGN_AND_COUNT.fork0.chnk08.main
2026-07-23 13:29:29 [runtime] (run:local)       ID.Healthy_1.SC_RNA_COUNTER_CS.SC_MULTI_CORE.MULTI_GEM_WELL_PROCESSOR.COUNT_GEM_WELL_PROCESSOR._BASIC_SC_RNA_COUNTER._MATRIX_COMPUTER.ALIGN_AND_COUNT.fork0.chnk09.main
2026-07-23 13:29:29 [runtime] (run:local)       ID.Healthy_1.SC_RNA_COUNTER_CS.SC_MULTI_CORE.MULTI_GEM_WELL_PROCESSOR.COUNT_GEM_WELL_PROCESSOR._BASIC_SC_RNA_COUNTER._MATRIX_COMPUTER.ALIGN_AND_COUNT.fork0.chnk10.main
2026-07-23 13:29:29 [runtime] (run:local)       ID.Healthy_1.SC_RNA_COUNTER_CS.SC_MULTI_CORE.MULTI_GEM_WELL_PROCESSOR.COUNT_GEM_WELL_PROCESSOR._BASIC_SC_RNA_COUNTER._MATRIX_COMPUTER.ALIGN_AND_COUNT.fork0.chnk11.main
2026-07-23 13:29:29 [runtime] (run:local)       ID.Healthy_1.SC_RNA_COUNTER_CS.SC_MULTI_CORE.MULTI_GEM_WELL_PROCESSOR.COUNT_GEM_WELL_PROCESSOR._BASIC_SC_RNA_COUNTER._MATRIX_COMPUTER.ALIGN_AND_COUNT.fork0.chnk12.main
2026-07-23 13:29:29 [runtime] (run:local)       ID.Healthy_1.SC_RNA_COUNTER_CS.SC_MULTI_CORE.MULTI_GEM_WELL_PROCESSOR.COUNT_GEM_WELL_PROCESSOR._BASIC_SC_RNA_COUNTER._MATRIX_COMPUTER.ALIGN_AND_COUNT.fork0.chnk13.main
2026-07-23 13:29:29 [runtime] (run:local)       ID.Healthy_1.SC_RNA_COUNTER_CS.SC_MULTI_CORE.MULTI_GEM_WELL_PROCESSOR.COUNT_GEM_WELL_PROCESSOR._BASIC_SC_RNA_COUNTER._MATRIX_COMPUTER.ALIGN_AND_COUNT.fork0.chnk14.main
2026-07-23 13:29:29 [runtime] (run:local)       ID.Healthy_1.SC_RNA_COUNTER_CS.SC_MULTI_CORE.MULTI_GEM_WELL_PROCESSOR.COUNT_GEM_WELL_PROCESSOR._BASIC_SC_RNA_COUNTER._MATRIX_COMPUTER.ALIGN_AND_COUNT.fork0.chnk15.main
2026-07-23 13:29:29 [runtime] (run:local)       ID.Healthy_1.SC_RNA_COUNTER_CS.SC_MULTI_CORE.MULTI_GEM_WELL_PROCESSOR.COUNT_GEM_WELL_PROCESSOR._BASIC_SC_RNA_COUNTER._MATRIX_COMPUTER.ALIGN_AND_COUNT.fork0.chnk16.main
2026-07-23 13:29:29 [runtime] (run:local)       ID.Healthy_1.SC_RNA_COUNTER_CS.SC_MULTI_CORE.MULTI_GEM_WELL_PROCESSOR.COUNT_GEM_WELL_PROCESSOR._BASIC_SC_RNA_COUNTER._MATRIX_COMPUTER.ALIGN_AND_COUNT.fork0.chnk17.main
2026-07-23 13:29:29 [runtime] (run:local)       ID.Healthy_1.SC_RNA_COUNTER_CS.SC_MULTI_CORE.MULTI_GEM_WELL_PROCESSOR.COUNT_GEM_WELL_PROCESSOR._BASIC_SC_RNA_COUNTER._MATRIX_COMPUTER.ALIGN_AND_COUNT.fork0.chnk18.main
2026-07-23 13:29:29 [runtime] (run:local)       ID.Healthy_1.SC_RNA_COUNTER_CS.SC_MULTI_CORE.MULTI_GEM_WELL_PROCESSOR.COUNT_GEM_WELL_PROCESSOR._BASIC_SC_RNA_COUNTER._MATRIX_COMPUTER.ALIGN_AND_COUNT.fork0.chnk19.main
2026-07-23 13:29:29 [runtime] (run:local)       ID.Healthy_1.SC_RNA_COUNTER_CS.SC_MULTI_CORE.MULTI_GEM_WELL_PROCESSOR.COUNT_GEM_WELL_PROCESSOR._BASIC_SC_RNA_COUNTER._MATRIX_COMPUTER.ALIGN_AND_COUNT.fork0.chnk20.main
2026-07-23 13:29:29 [runtime] (run:local)       ID.Healthy_1.SC_RNA_COUNTER_CS.SC_MULTI_CORE.MULTI_GEM_WELL_PROCESSOR.COUNT_GEM_WELL_PROCESSOR._BASIC_SC_RNA_COUNTER._MATRIX_COMPUTER.ALIGN_AND_COUNT.fork0.chnk21.main
2026-07-23 13:29:29 [runtime] (run:local)       ID.Healthy_1.SC_RNA_COUNTER_CS.SC_MULTI_CORE.MULTI_GEM_WELL_PROCESSOR.COUNT_GEM_WELL_PROCESSOR._BASIC_SC_RNA_COUNTER._MATRIX_COMPUTER.ALIGN_AND_COUNT.fork0.chnk22.main
2026-07-23 13:29:29 [runtime] (run:local)       ID.Healthy_1.SC_RNA_COUNTER_CS.SC_MULTI_CORE.MULTI_GEM_WELL_PROCESSOR.COUNT_GEM_WELL_PROCESSOR._BASIC_SC_RNA_COUNTER._MATRIX_COMPUTER.ALIGN_AND_COUNT.fork0.chnk23.main
2026-07-23 13:29:29 [runtime] (run:local)       ID.Healthy_1.SC_RNA_COUNTER_CS.SC_MULTI_CORE.MULTI_GEM_WELL_PROCESSOR.COUNT_GEM_WELL_PROCESSOR._BASIC_SC_RNA_COUNTER._MATRIX_COMPUTER.ALIGN_AND_COUNT.fork0.chnk24.main
2026-07-23 13:35:32 [runtime] (update)          ID.Healthy_1.SC_RNA_COUNTER_CS.SC_MULTI_CORE.MULTI_GEM_WELL_PROCESSOR.COUNT_GEM_WELL_PROCESSOR._BASIC_SC_RNA_COUNTER._MATRIX_COMPUTER.ALIGN_AND_COUNT.fork0 chunks running (0/25 completed)
2026-07-23 13:41:32 [runtime] (update)          ID.Healthy_1.SC_RNA_COUNTER_CS.SC_MULTI_CORE.MULTI_GEM_WELL_PROCESSOR.COUNT_GEM_WELL_PROCESSOR._BASIC_SC_RNA_COUNTER._MATRIX_COMPUTER.ALIGN_AND_COUNT.fork0 chunks running (0/25 completed)
2026-07-23 13:47:04 [runtime] (update)          ID.Healthy_1.SC_RNA_COUNTER_CS.SC_MULTI_CORE.MULTI_GEM_WELL_PROCESSOR.COUNT_GEM_WELL_PROCESSOR._BASIC_SC_RNA_COUNTER._MATRIX_COMPUTER.ALIGN_AND_COUNT.fork0 chunks running (4/25 completed)
2026-07-23 13:53:04 [runtime] (update)          ID.Healthy_1.SC_RNA_COUNTER_CS.SC_MULTI_CORE.MULTI_GEM_WELL_PROCESSOR.COUNT_GEM_WELL_PROCESSOR._BASIC_SC_RNA_COUNTER._MATRIX_COMPUTER.ALIGN_AND_COUNT.fork0 chunks running (4/25 completed)
2026-07-23 13:59:04 [runtime] (update)          ID.Healthy_1.SC_RNA_COUNTER_CS.SC_MULTI_CORE.MULTI_GEM_WELL_PROCESSOR.COUNT_GEM_WELL_PROCESSOR._BASIC_SC_RNA_COUNTER._MATRIX_COMPUTER.ALIGN_AND_COUNT.fork0 chunks running (4/25 completed)
2026-07-23 14:04:17 [runtime] (update)          ID.Healthy_1.SC_RNA_COUNTER_CS.SC_MULTI_CORE.MULTI_GEM_WELL_PROCESSOR.COUNT_GEM_WELL_PROCESSOR._BASIC_SC_RNA_COUNTER._MATRIX_COMPUTER.ALIGN_AND_COUNT.fork0 chunks running (8/25 completed)
2026-07-23 14:09:19 [runtime] (update)          ID.Healthy_1.SC_RNA_COUNTER_CS.SC_MULTI_CORE.MULTI_GEM_WELL_PROCESSOR.COUNT_GEM_WELL_PROCESSOR._BASIC_SC_RNA_COUNTER._MATRIX_COMPUTER.ALIGN_AND_COUNT.fork0 chunks running (8/25 completed)
2026-07-23 14:15:22 [runtime] (update)          ID.Healthy_1.SC_RNA_COUNTER_CS.SC_MULTI_CORE.MULTI_GEM_WELL_PROCESSOR.COUNT_GEM_WELL_PROCESSOR._BASIC_SC_RNA_COUNTER._MATRIX_COMPUTER.ALIGN_AND_COUNT.fork0 chunks running (10/25 completed)
2026-07-23 14:20:57 [runtime] (update)          ID.Healthy_1.SC_RNA_COUNTER_CS.SC_MULTI_CORE.MULTI_GEM_WELL_PROCESSOR.COUNT_GEM_WELL_PROCESSOR._BASIC_SC_RNA_COUNTER._MATRIX_COMPUTER.ALIGN_AND_COUNT.fork0 chunks running (12/25 completed)
2026-07-23 14:26:12 [runtime] (update)          ID.Healthy_1.SC_RNA_COUNTER_CS.SC_MULTI_CORE.MULTI_GEM_WELL_PROCESSOR.COUNT_GEM_WELL_PROCESSOR._BASIC_SC_RNA_COUNTER._MATRIX_COMPUTER.ALIGN_AND_COUNT.fork0 chunks running (12/25 completed)
2026-07-23 14:31:51 [runtime] (update)          ID.Healthy_1.SC_RNA_COUNTER_CS.SC_MULTI_CORE.MULTI_GEM_WELL_PROCESSOR.COUNT_GEM_WELL_PROCESSOR._BASIC_SC_RNA_COUNTER._MATRIX_COMPUTER.ALIGN_AND_COUNT.fork0 chunks running (15/25 completed)
2026-07-23 14:37:11 [runtime] (update)          ID.Healthy_1.SC_RNA_COUNTER_CS.SC_MULTI_CORE.MULTI_GEM_WELL_PROCESSOR.COUNT_GEM_WELL_PROCESSOR._BASIC_SC_RNA_COUNTER._MATRIX_COMPUTER.ALIGN_AND_COUNT.fork0 chunks running (16/25 completed)
2026-07-23 14:42:39 [runtime] (update)          ID.Healthy_1.SC_RNA_COUNTER_CS.SC_MULTI_CORE.MULTI_GEM_WELL_PROCESSOR.COUNT_GEM_WELL_PROCESSOR._BASIC_SC_RNA_COUNTER._MATRIX_COMPUTER.ALIGN_AND_COUNT.fork0 chunks running (16/25 completed)
2026-07-23 14:47:42 [runtime] (update)          ID.Healthy_1.SC_RNA_COUNTER_CS.SC_MULTI_CORE.MULTI_GEM_WELL_PROCESSOR.COUNT_GEM_WELL_PROCESSOR._BASIC_SC_RNA_COUNTER._MATRIX_COMPUTER.ALIGN_AND_COUNT.fork0 chunks running (20/25 completed)
2026-07-23 14:52:48 [runtime] (update)          ID.Healthy_1.SC_RNA_COUNTER_CS.SC_MULTI_CORE.MULTI_GEM_WELL_PROCESSOR.COUNT_GEM_WELL_PROCESSOR._BASIC_SC_RNA_COUNTER._MATRIX_COMPUTER.ALIGN_AND_COUNT.fork0 chunks running (20/25 completed)
2026-07-23 14:58:02 [runtime] (update)          ID.Healthy_1.SC_RNA_COUNTER_CS.SC_MULTI_CORE.MULTI_GEM_WELL_PROCESSOR.COUNT_GEM_WELL_PROCESSOR._BASIC_SC_RNA_COUNTER._MATRIX_COMPUTER.ALIGN_AND_COUNT.fork0 chunks running (21/25 completed)
2026-07-23 15:04:28 [runtime] (update)          ID.Healthy_1.SC_RNA_COUNTER_CS.SC_MULTI_CORE.MULTI_GEM_WELL_PROCESSOR.COUNT_GEM_WELL_PROCESSOR._BASIC_SC_RNA_COUNTER._MATRIX_COMPUTER.ALIGN_AND_COUNT.fork0 chunks running (24/25 completed)
2026-07-23 15:06:05 [runtime] (chunks_complete) ID.Healthy_1.SC_RNA_COUNTER_CS.SC_MULTI_CORE.MULTI_GEM_WELL_PROCESSOR.COUNT_GEM_WELL_PROCESSOR._BASIC_SC_RNA_COUNTER._MATRIX_COMPUTER.ALIGN_AND_COUNT
2026-07-23 15:06:05 [runtime] (run:local)       ID.Healthy_1.SC_RNA_COUNTER_CS.SC_MULTI_CORE.MULTI_GEM_WELL_PROCESSOR.COUNT_GEM_WELL_PROCESSOR._BASIC_SC_RNA_COUNTER._MATRIX_COMPUTER.ALIGN_AND_COUNT.fork0.join
2026-07-23 15:06:06 [runtime] (join_complete)   ID.Healthy_1.SC_RNA_COUNTER_CS.SC_MULTI_CORE.MULTI_GEM_WELL_PROCESSOR.COUNT_GEM_WELL_PROCESSOR._BASIC_SC_RNA_COUNTER._MATRIX_COMPUTER.ALIGN_AND_COUNT
2026-07-23 15:06:11 [runtime] (ready)           ID.Healthy_1.SC_RNA_COUNTER_CS.SC_MULTI_CORE.MULTI_GEM_WELL_PROCESSOR.COUNT_GEM_WELL_PROCESSOR._BASIC_SC_RNA_COUNTER._MATRIX_COMPUTER.COLLATE_METRICS
2026-07-23 15:06:11 [runtime] (run:local)       ID.Healthy_1.SC_RNA_COUNTER_CS.SC_MULTI_CORE.MULTI_GEM_WELL_PROCESSOR.COUNT_GEM_WELL_PROCESSOR._BASIC_SC_RNA_COUNTER._MATRIX_COMPUTER.COLLATE_METRICS.fork0.split
2026-07-23 15:06:12 [runtime] (ready)           ID.Healthy_1.SC_RNA_COUNTER_CS.SC_MULTI_CORE.MULTI_GEM_WELL_PROCESSOR.COUNT_GEM_WELL_PROCESSOR._BASIC_SC_RNA_COUNTER._MATRIX_COMPUTER.WRITE_H5_MATRIX
2026-07-23 15:06:12 [runtime] (run:local)       ID.Healthy_1.SC_RNA_COUNTER_CS.SC_MULTI_CORE.MULTI_GEM_WELL_PROCESSOR.COUNT_GEM_WELL_PROCESSOR._BASIC_SC_RNA_COUNTER._MATRIX_COMPUTER.WRITE_H5_MATRIX.fork0.split
2026-07-23 15:06:12 [runtime] (ready)           ID.Healthy_1.SC_RNA_COUNTER_CS.SC_MULTI_CORE.MULTI_GEM_WELL_PROCESSOR.COUNT_GEM_WELL_PROCESSOR._BASIC_SC_RNA_COUNTER._MATRIX_COMPUTER.WRITE_MATRIX_MARKET
2026-07-23 15:06:12 [runtime] (run:local)       ID.Healthy_1.SC_RNA_COUNTER_CS.SC_MULTI_CORE.MULTI_GEM_WELL_PROCESSOR.COUNT_GEM_WELL_PROCESSOR._BASIC_SC_RNA_COUNTER._MATRIX_COMPUTER.WRITE_MATRIX_MARKET.fork0.split
2026-07-23 15:06:12 [runtime] (split_complete)  ID.Healthy_1.SC_RNA_COUNTER_CS.SC_MULTI_CORE.MULTI_GEM_WELL_PROCESSOR.COUNT_GEM_WELL_PROCESSOR._BASIC_SC_RNA_COUNTER._MATRIX_COMPUTER.COLLATE_METRICS
2026-07-23 15:06:12 [runtime] (run:local)       ID.Healthy_1.SC_RNA_COUNTER_CS.SC_MULTI_CORE.MULTI_GEM_WELL_PROCESSOR.COUNT_GEM_WELL_PROCESSOR._BASIC_SC_RNA_COUNTER._MATRIX_COMPUTER.COLLATE_METRICS.fork0.chnk0.main
2026-07-23 15:06:12 [runtime] (ready)           ID.Healthy_1.SC_RNA_COUNTER_CS.SC_MULTI_CORE.MULTI_GEM_WELL_PROCESSOR.COUNT_GEM_WELL_PROCESSOR._BASIC_SC_RNA_COUNTER._POST_MATRIX_COMPUTATION.DISABLE_STAGES
2026-07-23 15:06:12 [runtime] (run:local)       ID.Healthy_1.SC_RNA_COUNTER_CS.SC_MULTI_CORE.MULTI_GEM_WELL_PROCESSOR.COUNT_GEM_WELL_PROCESSOR._BASIC_SC_RNA_COUNTER._POST_MATRIX_COMPUTATION.DISABLE_STAGES.fork0.chnk0.main
2026-07-23 15:06:12 [runtime] (ready)           ID.Healthy_1.SC_RNA_COUNTER_CS.SC_MULTI_CORE.MULTI_GEM_WELL_PROCESSOR.COUNT_GEM_WELL_PROCESSOR._BASIC_SC_RNA_COUNTER._MATRIX_COMPUTER.WRITE_BARCODE_SUMMARY
2026-07-23 15:06:12 [runtime] (run:local)       ID.Healthy_1.SC_RNA_COUNTER_CS.SC_MULTI_CORE.MULTI_GEM_WELL_PROCESSOR.COUNT_GEM_WELL_PROCESSOR._BASIC_SC_RNA_COUNTER._MATRIX_COMPUTER.WRITE_BARCODE_SUMMARY.fork0.split
2026-07-23 15:06:12 [runtime] (split_complete)  ID.Healthy_1.SC_RNA_COUNTER_CS.SC_MULTI_CORE.MULTI_GEM_WELL_PROCESSOR.COUNT_GEM_WELL_PROCESSOR._BASIC_SC_RNA_COUNTER._MATRIX_COMPUTER.WRITE_H5_MATRIX
2026-07-23 15:06:12 [runtime] (run:local)       ID.Healthy_1.SC_RNA_COUNTER_CS.SC_MULTI_CORE.MULTI_GEM_WELL_PROCESSOR.COUNT_GEM_WELL_PROCESSOR._BASIC_SC_RNA_COUNTER._MATRIX_COMPUTER.WRITE_H5_MATRIX.fork0.join
2026-07-23 15:06:12 [runtime] (split_complete)  ID.Healthy_1.SC_RNA_COUNTER_CS.SC_MULTI_CORE.MULTI_GEM_WELL_PROCESSOR.COUNT_GEM_WELL_PROCESSOR._BASIC_SC_RNA_COUNTER._MATRIX_COMPUTER.WRITE_MATRIX_MARKET
2026-07-23 15:06:12 [runtime] (run:local)       ID.Healthy_1.SC_RNA_COUNTER_CS.SC_MULTI_CORE.MULTI_GEM_WELL_PROCESSOR.COUNT_GEM_WELL_PROCESSOR._BASIC_SC_RNA_COUNTER._MATRIX_COMPUTER.WRITE_MATRIX_MARKET.fork0.join
2026-07-23 15:06:12 [runtime] (split_complete)  ID.Healthy_1.SC_RNA_COUNTER_CS.SC_MULTI_CORE.MULTI_GEM_WELL_PROCESSOR.COUNT_GEM_WELL_PROCESSOR._BASIC_SC_RNA_COUNTER._MATRIX_COMPUTER.WRITE_BARCODE_SUMMARY
2026-07-23 15:06:12 [runtime] (run:local)       ID.Healthy_1.SC_RNA_COUNTER_CS.SC_MULTI_CORE.MULTI_GEM_WELL_PROCESSOR.COUNT_GEM_WELL_PROCESSOR._BASIC_SC_RNA_COUNTER._MATRIX_COMPUTER.WRITE_BARCODE_SUMMARY.fork0.join
2026-07-23 15:06:12 [runtime] (chunks_complete) ID.Healthy_1.SC_RNA_COUNTER_CS.SC_MULTI_CORE.MULTI_GEM_WELL_PROCESSOR.COUNT_GEM_WELL_PROCESSOR._BASIC_SC_RNA_COUNTER._POST_MATRIX_COMPUTATION.DISABLE_STAGES
2026-07-23 15:06:12 [runtime] (ready)           ID.Healthy_1.SC_RNA_COUNTER_CS.SC_MULTI_CORE.MULTI_GEM_WELL_PROCESSOR.COUNT_GEM_WELL_PROCESSOR._BASIC_SC_RNA_COUNTER._POST_MATRIX_COMPUTATION.WRITE_POS_BAM
2026-07-23 15:06:13 [runtime] (ready)           ID.Healthy_1.SC_RNA_COUNTER_CS.SC_MULTI_CORE.MULTI_GEM_WELL_PROCESSOR.COUNT_GEM_WELL_PROCESSOR._BASIC_SC_RNA_COUNTER._POST_MATRIX_COMPUTATION.MULTI_WRITE_PER_SAMPLE_BAM
2026-07-23 15:06:13 [runtime] (ready)           ID.Healthy_1.SC_RNA_COUNTER_CS.SC_MULTI_CORE.MULTI_GEM_WELL_PROCESSOR.COUNT_GEM_WELL_PROCESSOR._BASIC_SC_RNA_COUNTER._POST_MATRIX_COMPUTATION.DEMUX_PROBE_BC_MATRIX
2026-07-23 15:06:13 [runtime] (ready)           ID.Healthy_1.SC_RNA_COUNTER_CS.SC_MULTI_CORE.STRUCTIFY_PER_SAMPLE_OUTS
2026-07-23 15:06:13 [runtime] (run:local)       ID.Healthy_1.SC_RNA_COUNTER_CS.SC_MULTI_CORE.STRUCTIFY_PER_SAMPLE_OUTS.fork0.chnk0.main
2026-07-23 15:06:13 [runtime] (chunks_complete) ID.Healthy_1.SC_RNA_COUNTER_CS.SC_MULTI_CORE.STRUCTIFY_PER_SAMPLE_OUTS
2026-07-23 15:06:13 [runtime] (ready)           ID.Healthy_1.SC_RNA_COUNTER_CS.SC_MULTI_CORE.DISABLE_FEATURE_STAGES
2026-07-23 15:06:13 [runtime] (run:local)       ID.Healthy_1.SC_RNA_COUNTER_CS.SC_MULTI_CORE.DISABLE_FEATURE_STAGES.fork0.chnk0.main
2026-07-23 15:06:13 [runtime] (chunks_complete) ID.Healthy_1.SC_RNA_COUNTER_CS.SC_MULTI_CORE.DISABLE_FEATURE_STAGES
2026-07-23 15:06:13 [runtime] (ready)           ID.Healthy_1.SC_RNA_COUNTER_CS.SC_MULTI_CORE.DISABLE_MULTI_CORE_STAGES
2026-07-23 15:06:13 [runtime] (run:local)       ID.Healthy_1.SC_RNA_COUNTER_CS.SC_MULTI_CORE.DISABLE_MULTI_CORE_STAGES.fork0.chnk0.main
2026-07-23 15:06:14 [runtime] (ready)           ID.Healthy_1.SC_RNA_COUNTER_CS.SC_MULTI_CORE.COUNT_ANALYZER._TARGETED_ANALYZER.DISABLE_TARGETED_STAGES
2026-07-23 15:06:14 [runtime] (chunks_complete) ID.Healthy_1.SC_RNA_COUNTER_CS.SC_MULTI_CORE.DISABLE_MULTI_CORE_STAGES
2026-07-23 15:06:14 [runtime] (ready)           ID.Healthy_1.SC_RNA_COUNTER_CS.SC_MULTI_CORE.LIBRARY_CELL_ANNOTATION_SERVICE.ANNOTATE_CELLS._ANNOTATE_CELLS.CALL_CELL_TYPES.CELL_TYPING_DEMULTIPLEXER.fork0
2026-07-23 15:06:14 [runtime] (run:local)       ID.Healthy_1.SC_RNA_COUNTER_CS.SC_MULTI_CORE.LIBRARY_CELL_ANNOTATION_SERVICE.ANNOTATE_CELLS._ANNOTATE_CELLS.CALL_CELL_TYPES.CELL_TYPING_DEMULTIPLEXER.fork0.chnk0.main
2026-07-23 15:06:14 [runtime] (ready)           ID.Healthy_1.SC_RNA_COUNTER_CS.SC_MULTI_CORE.LIBRARY_CELL_ANNOTATION_SERVICE.ANNOTATE_CELLS._ANNOTATE_CELLS.CALL_CELL_TYPES.CELL_TYPING_DEMULTIPLEXER.fork1
2026-07-23 15:06:14 [runtime] (run:local)       ID.Healthy_1.SC_RNA_COUNTER_CS.SC_MULTI_CORE.LIBRARY_CELL_ANNOTATION_SERVICE.ANNOTATE_CELLS._ANNOTATE_CELLS.CALL_CELL_TYPES.CELL_TYPING_DEMULTIPLEXER.fork1.chnk0.main
2026-07-23 15:06:14 [runtime] (chunks_complete) ID.Healthy_1.SC_RNA_COUNTER_CS.SC_MULTI_CORE.LIBRARY_CELL_ANNOTATION_SERVICE.ANNOTATE_CELLS._ANNOTATE_CELLS.CALL_CELL_TYPES.CELL_TYPING_DEMULTIPLEXER.fork0
2026-07-23 15:06:14 [runtime] (complete)        ID.Healthy_1.SC_RNA_COUNTER_CS.SC_MULTI_CORE.LIBRARY_CELL_ANNOTATION_SERVICE.ANNOTATE_CELLS._ANNOTATE_CELLS.CALL_CELL_TYPES.CELL_TYPING_DEMULTIPLEXER.fork0
2026-07-23 15:06:14 [runtime] (chunks_complete) ID.Healthy_1.SC_RNA_COUNTER_CS.SC_MULTI_CORE.LIBRARY_CELL_ANNOTATION_SERVICE.ANNOTATE_CELLS._ANNOTATE_CELLS.CALL_CELL_TYPES.CELL_TYPING_DEMULTIPLEXER.fork1
2026-07-23 15:06:23 [runtime] (join_complete)   ID.Healthy_1.SC_RNA_COUNTER_CS.SC_MULTI_CORE.MULTI_GEM_WELL_PROCESSOR.COUNT_GEM_WELL_PROCESSOR._BASIC_SC_RNA_COUNTER._MATRIX_COMPUTER.WRITE_BARCODE_SUMMARY
2026-07-23 15:06:29 [runtime] (chunks_complete) ID.Healthy_1.SC_RNA_COUNTER_CS.SC_MULTI_CORE.MULTI_GEM_WELL_PROCESSOR.COUNT_GEM_WELL_PROCESSOR._BASIC_SC_RNA_COUNTER._MATRIX_COMPUTER.COLLATE_METRICS
2026-07-23 15:06:29 [runtime] (run:local)       ID.Healthy_1.SC_RNA_COUNTER_CS.SC_MULTI_CORE.MULTI_GEM_WELL_PROCESSOR.COUNT_GEM_WELL_PROCESSOR._BASIC_SC_RNA_COUNTER._MATRIX_COMPUTER.COLLATE_METRICS.fork0.join
2026-07-23 15:06:30 [runtime] (join_complete)   ID.Healthy_1.SC_RNA_COUNTER_CS.SC_MULTI_CORE.MULTI_GEM_WELL_PROCESSOR.COUNT_GEM_WELL_PROCESSOR._BASIC_SC_RNA_COUNTER._MATRIX_COMPUTER.COLLATE_METRICS
2026-07-23 15:06:42 [runtime] (join_complete)   ID.Healthy_1.SC_RNA_COUNTER_CS.SC_MULTI_CORE.MULTI_GEM_WELL_PROCESSOR.COUNT_GEM_WELL_PROCESSOR._BASIC_SC_RNA_COUNTER._MATRIX_COMPUTER.WRITE_H5_MATRIX
2026-07-23 15:06:42 [runtime] (ready)           ID.Healthy_1.SC_RNA_COUNTER_CS.SC_MULTI_CORE.MULTI_GEM_WELL_PROCESSOR.COUNT_GEM_WELL_PROCESSOR._BASIC_SC_RNA_COUNTER._POST_MATRIX_COMPUTATION.FILTER_BARCODES
2026-07-23 15:06:42 [runtime] (run:local)       ID.Healthy_1.SC_RNA_COUNTER_CS.SC_MULTI_CORE.MULTI_GEM_WELL_PROCESSOR.COUNT_GEM_WELL_PROCESSOR._BASIC_SC_RNA_COUNTER._POST_MATRIX_COMPUTATION.FILTER_BARCODES.fork0.split
2026-07-23 15:06:42 [runtime] (ready)           ID.Healthy_1.SC_RNA_COUNTER_CS.SC_MULTI_CORE.MULTI_GEM_WELL_PROCESSOR.COUNT_GEM_WELL_PROCESSOR._BASIC_SC_RNA_COUNTER._MATRIX_COMPUTER.SUMMARIZE_MATRIX_DIMS
2026-07-23 15:06:42 [runtime] (run:local)       ID.Healthy_1.SC_RNA_COUNTER_CS.SC_MULTI_CORE.MULTI_GEM_WELL_PROCESSOR.COUNT_GEM_WELL_PROCESSOR._BASIC_SC_RNA_COUNTER._MATRIX_COMPUTER.SUMMARIZE_MATRIX_DIMS.fork0.chnk0.main
2026-07-23 15:06:43 [runtime] (chunks_complete) ID.Healthy_1.SC_RNA_COUNTER_CS.SC_MULTI_CORE.MULTI_GEM_WELL_PROCESSOR.COUNT_GEM_WELL_PROCESSOR._BASIC_SC_RNA_COUNTER._MATRIX_COMPUTER.SUMMARIZE_MATRIX_DIMS
2026-07-23 15:06:43 [runtime] (ready)           ID.Healthy_1.SC_RNA_COUNTER_CS.SC_MULTI_CORE.MULTI_GEM_WELL_PROCESSOR.COUNT_GEM_WELL_PROCESSOR._BASIC_SC_RNA_COUNTER._MATRIX_COMPUTER.MERGE_METRICS
2026-07-23 15:06:43 [runtime] (run:local)       ID.Healthy_1.SC_RNA_COUNTER_CS.SC_MULTI_CORE.MULTI_GEM_WELL_PROCESSOR.COUNT_GEM_WELL_PROCESSOR._BASIC_SC_RNA_COUNTER._MATRIX_COMPUTER.MERGE_METRICS.fork0.chnk0.main
2026-07-23 15:06:43 [runtime] (chunks_complete) ID.Healthy_1.SC_RNA_COUNTER_CS.SC_MULTI_CORE.MULTI_GEM_WELL_PROCESSOR.COUNT_GEM_WELL_PROCESSOR._BASIC_SC_RNA_COUNTER._MATRIX_COMPUTER.MERGE_METRICS
2026-07-23 15:06:53 [runtime] (split_complete)  ID.Healthy_1.SC_RNA_COUNTER_CS.SC_MULTI_CORE.MULTI_GEM_WELL_PROCESSOR.COUNT_GEM_WELL_PROCESSOR._BASIC_SC_RNA_COUNTER._POST_MATRIX_COMPUTATION.FILTER_BARCODES
2026-07-23 15:06:53 [runtime] (run:local)       ID.Healthy_1.SC_RNA_COUNTER_CS.SC_MULTI_CORE.MULTI_GEM_WELL_PROCESSOR.COUNT_GEM_WELL_PROCESSOR._BASIC_SC_RNA_COUNTER._POST_MATRIX_COMPUTATION.FILTER_BARCODES.fork0.chnk0.main
2026-07-23 15:07:00 [runtime] (join_complete)   ID.Healthy_1.SC_RNA_COUNTER_CS.SC_MULTI_CORE.MULTI_GEM_WELL_PROCESSOR.COUNT_GEM_WELL_PROCESSOR._BASIC_SC_RNA_COUNTER._MATRIX_COMPUTER.WRITE_MATRIX_MARKET
2026-07-23 15:08:40 [runtime] (chunks_complete) ID.Healthy_1.SC_RNA_COUNTER_CS.SC_MULTI_CORE.MULTI_GEM_WELL_PROCESSOR.COUNT_GEM_WELL_PROCESSOR._BASIC_SC_RNA_COUNTER._POST_MATRIX_COMPUTATION.FILTER_BARCODES
2026-07-23 15:08:40 [runtime] (run:local)       ID.Healthy_1.SC_RNA_COUNTER_CS.SC_MULTI_CORE.MULTI_GEM_WELL_PROCESSOR.COUNT_GEM_WELL_PROCESSOR._BASIC_SC_RNA_COUNTER._POST_MATRIX_COMPUTATION.FILTER_BARCODES.fork0.join
2026-07-23 15:09:17 [runtime] (join_complete)   ID.Healthy_1.SC_RNA_COUNTER_CS.SC_MULTI_CORE.MULTI_GEM_WELL_PROCESSOR.COUNT_GEM_WELL_PROCESSOR._BASIC_SC_RNA_COUNTER._POST_MATRIX_COMPUTATION.FILTER_BARCODES
2026-07-23 15:09:17 [runtime] (ready)           ID.Healthy_1.SC_RNA_COUNTER_CS.SC_MULTI_CORE.MULTI_GEM_WELL_PROCESSOR.COUNT_GEM_WELL_PROCESSOR._BASIC_SC_RNA_COUNTER._POST_MATRIX_COMPUTATION.MULTI_WRITE_PER_SAMPLE_MATRICES
2026-07-23 15:09:17 [runtime] (ready)           ID.Healthy_1.SC_RNA_COUNTER_CS.SC_MULTI_CORE.COUNT_ANALYZER._ANTIBODY_ANALYZER.SUMMARIZE_ANTIBODY_ANALYSIS
2026-07-23 15:09:17 [runtime] (ready)           ID.Healthy_1.SC_RNA_COUNTER_CS.SC_MULTI_CORE.MULTI_GEM_WELL_PROCESSOR.VDJ_T_GEM_WELL_PROCESSOR.LIB_VDJ_ANALYZER.SETUP_VDJ_ANALYSIS
2026-07-23 15:09:17 [runtime] (ready)           ID.Healthy_1.SC_RNA_COUNTER_CS.SC_MULTI_CORE.MULTI_GEM_WELL_PROCESSOR.VDJ_T_GD_GEM_WELL_PROCESSOR.LIB_VDJ_ANALYZER.SETUP_VDJ_ANALYSIS
2026-07-23 15:09:17 [runtime] (ready)           ID.Healthy_1.SC_RNA_COUNTER_CS.SC_MULTI_CORE.MULTI_GEM_WELL_PROCESSOR.VDJ_B_GEM_WELL_PROCESSOR.LIB_VDJ_ANALYZER.SETUP_VDJ_ANALYSIS
2026-07-23 15:09:18 [runtime] (ready)           ID.Healthy_1.SC_RNA_COUNTER_CS.SC_MULTI_CORE.LIBRARY_CLOUD_CELL_ANNOTATION_VIABLE_BUT_NOT_REQUESTED
2026-07-23 15:09:18 [runtime] (run:local)       ID.Healthy_1.SC_RNA_COUNTER_CS.SC_MULTI_CORE.LIBRARY_CLOUD_CELL_ANNOTATION_VIABLE_BUT_NOT_REQUESTED.fork0.chnk0.main
2026-07-23 15:09:18 [runtime] (ready)           ID.Healthy_1.SC_RNA_COUNTER_CS.SC_MULTI_CORE.MULTI_GEM_WELL_PROCESSOR.COUNT_GEM_WELL_PROCESSOR._BASIC_SC_RNA_COUNTER._POST_MATRIX_COMPUTATION.MULTI_COLLATE_PER_SAMPLE_METRICS
2026-07-23 15:09:18 [runtime] (ready)           ID.Healthy_1.SC_RNA_COUNTER_CS.SC_MULTI_CORE.MULTI_GEM_WELL_PROCESSOR.COUNT_GEM_WELL_PROCESSOR._BASIC_SC_RNA_COUNTER._POST_MATRIX_COMPUTATION.COLLATE_PROBE_METRICS
2026-07-23 15:09:18 [runtime] (ready)           ID.Healthy_1.SC_RNA_COUNTER_CS.SC_MULTI_CORE.COUNT_ANALYZER._ANTIBODY_ANALYZER.CALL_ANTIBODIES
2026-07-23 15:09:18 [runtime] (ready)           ID.Healthy_1.SC_RNA_COUNTER_CS.GET_AGGREGATE_BARCODES_OUT
2026-07-23 15:09:18 [runtime] (run:local)       ID.Healthy_1.SC_RNA_COUNTER_CS.GET_AGGREGATE_BARCODES_OUT.fork0.chnk0.main
2026-07-23 15:09:18 [runtime] (ready)           ID.Healthy_1.SC_RNA_COUNTER_CS.SC_MULTI_CORE.MULTI_GEM_WELL_PROCESSOR.COUNT_GEM_WELL_PROCESSOR._BASIC_SC_RNA_COUNTER._POST_MATRIX_COMPUTATION.INFER_GEM_WELL_THROUGHPUT
2026-07-23 15:09:18 [runtime] (run:local)       ID.Healthy_1.SC_RNA_COUNTER_CS.SC_MULTI_CORE.MULTI_GEM_WELL_PROCESSOR.COUNT_GEM_WELL_PROCESSOR._BASIC_SC_RNA_COUNTER._POST_MATRIX_COMPUTATION.INFER_GEM_WELL_THROUGHPUT.fork0.chnk0.main
2026-07-23 15:09:18 [runtime] (ready)           ID.Healthy_1.SC_RNA_COUNTER_CS.SC_MULTI_CORE.MULTI_GEM_WELL_PROCESSOR.COUNT_GEM_WELL_PROCESSOR._BASIC_SC_RNA_COUNTER._POST_MATRIX_COMPUTATION.SUMMARIZE_MATRIX_DIMS
2026-07-23 15:09:18 [runtime] (run:local)       ID.Healthy_1.SC_RNA_COUNTER_CS.SC_MULTI_CORE.MULTI_GEM_WELL_PROCESSOR.COUNT_GEM_WELL_PROCESSOR._BASIC_SC_RNA_COUNTER._POST_MATRIX_COMPUTATION.SUMMARIZE_MATRIX_DIMS.fork0.chnk0.main
2026-07-23 15:09:18 [runtime] (ready)           ID.Healthy_1.SC_RNA_COUNTER_CS.SC_MULTI_CORE.MULTI_GEM_WELL_PROCESSOR.VDJ_T_GD_GEM_WELL_PROCESSOR.LIB_VDJ_ANALYZER.FILTER_SAMPLE_SPECIFIC
2026-07-23 15:09:18 [runtime] (ready)           ID.Healthy_1.SC_RNA_COUNTER_CS.SC_MULTI_CORE.COUNT_ANALYZER.DISABLE_SECONDARY_ANALYSIS
2026-07-23 15:09:18 [runtime] (run:local)       ID.Healthy_1.SC_RNA_COUNTER_CS.SC_MULTI_CORE.COUNT_ANALYZER.DISABLE_SECONDARY_ANALYSIS.fork0.chnk0.main
2026-07-23 15:09:18 [runtime] (ready)           ID.Healthy_1.SC_RNA_COUNTER_CS.SC_MULTI_CORE.COUNT_ANALYZER._ANTIGEN_ANALYZER.CALL_ANTIBODIES
2026-07-23 15:09:18 [runtime] (ready)           ID.Healthy_1.SC_RNA_COUNTER_CS.SC_MULTI_CORE.COUNT_ANALYZER._ANTIGEN_ANALYZER.SUMMARIZE_ANTIBODY_ANALYSIS
2026-07-23 15:09:18 [runtime] (ready)           ID.Healthy_1.SC_RNA_COUNTER_CS.SC_MULTI_CORE.MULTI_GEM_WELL_PROCESSOR.COUNT_GEM_WELL_PROCESSOR._BASIC_SC_RNA_COUNTER._POST_MATRIX_COMPUTATION.COMPUTE_SUBSEQ_METRICS
2026-07-23 15:09:18 [runtime] (run:local)       ID.Healthy_1.SC_RNA_COUNTER_CS.SC_MULTI_CORE.MULTI_GEM_WELL_PROCESSOR.COUNT_GEM_WELL_PROCESSOR._BASIC_SC_RNA_COUNTER._POST_MATRIX_COMPUTATION.COMPUTE_SUBSEQ_METRICS.fork0.chnk0.main
2026-07-23 15:09:18 [runtime] (ready)           ID.Healthy_1.SC_RNA_COUNTER_CS.SC_MULTI_CORE.COUNT_ANALYZER._CRISPR_ANALYZER.WRITE_CRISPR_ONLY_MATRIX
2026-07-23 15:09:18 [runtime] (ready)           ID.Healthy_1.SC_RNA_COUNTER_CS.SC_MULTI_CORE.MULTI_GEM_WELL_PROCESSOR.VDJ_B_GEM_WELL_PROCESSOR.LIB_VDJ_ANALYZER.FILTER_SAMPLE_SPECIFIC
2026-07-23 15:09:18 [runtime] (chunks_complete) ID.Healthy_1.SC_RNA_COUNTER_CS.GET_AGGREGATE_BARCODES_OUT
2026-07-23 15:09:19 [runtime] (ready)           ID.Healthy_1.SC_RNA_COUNTER_CS.SC_MULTI_CORE.MULTI_GEM_WELL_PROCESSOR.COUNT_GEM_WELL_PROCESSOR._BASIC_SC_RNA_COUNTER._POST_MATRIX_COMPUTATION.SUMMARIZE_PROBE_MATRIX_DIMS
2026-07-23 15:09:19 [runtime] (ready)           ID.Healthy_1.SC_RNA_COUNTER_CS.SC_MULTI_CORE.COUNT_ANALYZER._CRISPR_ANALYZER.CALL_PROTOSPACERS
2026-07-23 15:09:19 [runtime] (ready)           ID.Healthy_1.SC_RNA_COUNTER_CS.SC_MULTI_CORE.MULTI_GEM_WELL_PROCESSOR.VDJ_T_GEM_WELL_PROCESSOR.LIB_VDJ_ANALYZER.FILTER_SAMPLE_SPECIFIC
2026-07-23 15:09:19 [runtime] (ready)           ID.Healthy_1.SC_RNA_COUNTER_CS.SC_MULTI_CORE.MULTI_GEM_WELL_PROCESSOR.COUNT_GEM_WELL_PROCESSOR._BASIC_SC_RNA_COUNTER._POST_MATRIX_COMPUTATION._CELLS_REPORTER.WRITE_MOLECULE_INFO
2026-07-23 15:09:19 [runtime] (run:local)       ID.Healthy_1.SC_RNA_COUNTER_CS.SC_MULTI_CORE.MULTI_GEM_WELL_PROCESSOR.COUNT_GEM_WELL_PROCESSOR._BASIC_SC_RNA_COUNTER._POST_MATRIX_COMPUTATION._CELLS_REPORTER.WRITE_MOLECULE_INFO.fork0.split
2026-07-23 15:09:19 [runtime] (ready)           ID.Healthy_1.SC_RNA_COUNTER_CS.SC_MULTI_CORE.MULTI_GEM_WELL_PROCESSOR.COUNT_GEM_WELL_PROCESSOR._BASIC_SC_RNA_COUNTER._POST_MATRIX_COMPUTATION.MULTI_WRITE_PER_SAMPLE_MOLECULE_INFO
2026-07-23 15:09:19 [runtime] (split_complete)  ID.Healthy_1.SC_RNA_COUNTER_CS.SC_MULTI_CORE.MULTI_GEM_WELL_PROCESSOR.COUNT_GEM_WELL_PROCESSOR._BASIC_SC_RNA_COUNTER._POST_MATRIX_COMPUTATION._CELLS_REPORTER.WRITE_MOLECULE_INFO
2026-07-23 15:09:19 [runtime] (run:local)       ID.Healthy_1.SC_RNA_COUNTER_CS.SC_MULTI_CORE.MULTI_GEM_WELL_PROCESSOR.COUNT_GEM_WELL_PROCESSOR._BASIC_SC_RNA_COUNTER._POST_MATRIX_COMPUTATION._CELLS_REPORTER.WRITE_MOLECULE_INFO.fork0.join
2026-07-23 15:09:19 [runtime] (chunks_complete) ID.Healthy_1.SC_RNA_COUNTER_CS.SC_MULTI_CORE.MULTI_GEM_WELL_PROCESSOR.COUNT_GEM_WELL_PROCESSOR._BASIC_SC_RNA_COUNTER._POST_MATRIX_COMPUTATION.SUMMARIZE_MATRIX_DIMS
2026-07-23 15:09:19 [runtime] (ready)           ID.Healthy_1.SC_RNA_COUNTER_CS.SC_MULTI_CORE.MULTI_GEM_WELL_PROCESSOR.VDJ_T_GEM_WELL_PROCESSOR.MERGE_PER_SAMPLE_ANNOTATIONS
2026-07-23 15:09:20 [runtime] (ready)           ID.Healthy_1.SC_RNA_COUNTER_CS.SC_MULTI_CORE.MULTI_GEM_WELL_PROCESSOR.VDJ_B_GEM_WELL_PROCESSOR.MERGE_PER_SAMPLE_ANNOTATIONS
2026-07-23 15:09:20 [runtime] (ready)           ID.Healthy_1.SC_RNA_COUNTER_CS.SC_MULTI_CORE.COUNT_ANALYZER._CRISPR_ANALYZER.COMPUTE_PRESPLIT_ASSIGNMENT
2026-07-23 15:09:20 [runtime] (chunks_complete) ID.Healthy_1.SC_RNA_COUNTER_CS.SC_MULTI_CORE.MULTI_GEM_WELL_PROCESSOR.COUNT_GEM_WELL_PROCESSOR._BASIC_SC_RNA_COUNTER._POST_MATRIX_COMPUTATION.COMPUTE_SUBSEQ_METRICS
2026-07-23 15:09:20 [runtime] (ready)           ID.Healthy_1.SC_RNA_COUNTER_CS.SC_MULTI_CORE.MULTI_GEM_WELL_PROCESSOR.VDJ_T_GEM_WELL_PROCESSOR.LIB_VDJ_ANALYZER.SUBSET_ASSEMBLY_OUTS
2026-07-23 15:09:20 [runtime] (ready)           ID.Healthy_1.SC_RNA_COUNTER_CS.SC_MULTI_CORE.MULTI_GEM_WELL_PROCESSOR.VDJ_B_GEM_WELL_PROCESSOR.LIB_VDJ_ANALYZER.SUBSET_ASSEMBLY_OUTS
2026-07-23 15:09:20 [runtime] (ready)           ID.Healthy_1.SC_RNA_COUNTER_CS.SC_MULTI_CORE.COUNT_ANALYZER._CRISPR_ANALYZER.SPLIT_PERTURBATION_MATRIX
2026-07-23 15:09:20 [runtime] (chunks_complete) ID.Healthy_1.SC_RNA_COUNTER_CS.SC_MULTI_CORE.COUNT_ANALYZER.DISABLE_SECONDARY_ANALYSIS
2026-07-23 15:09:20 [runtime] (ready)           ID.Healthy_1.SC_RNA_COUNTER_CS.SC_MULTI_CORE.MULTI_GEM_WELL_PROCESSOR.VDJ_T_GD_GEM_WELL_PROCESSOR.MERGE_PER_SAMPLE_ANNOTATIONS
2026-07-23 15:09:20 [runtime] (ready)           ID.Healthy_1.SC_RNA_COUNTER_CS.SC_MULTI_CORE.MULTI_GEM_WELL_PROCESSOR.VDJ_T_GEM_WELL_PROCESSOR.LIB_VDJ_ANALYZER.MAKE_EXACT_CLONOTYPES
2026-07-23 15:09:21 [runtime] (ready)           ID.Healthy_1.SC_RNA_COUNTER_CS.SC_MULTI_CORE.MULTI_GEM_WELL_PROCESSOR.VDJ_B_GEM_WELL_PROCESSOR.LIB_VDJ_ANALYZER.ASM_METRICS
2026-07-23 15:09:21 [runtime] (ready)           ID.Healthy_1.SC_RNA_COUNTER_CS.SC_MULTI_CORE.MULTI_GEM_WELL_PROCESSOR.VDJ_B_GEM_WELL_PROCESSOR.LIB_VDJ_ANALYZER.MAKE_EXACT_CLONOTYPES
2026-07-23 15:09:21 [runtime] (ready)           ID.Healthy_1.SC_RNA_COUNTER_CS.SC_MULTI_CORE.MULTI_GEM_WELL_PROCESSOR.VDJ_T_GD_GEM_WELL_PROCESSOR.LIB_VDJ_ANALYZER.SUBSET_ASSEMBLY_OUTS
2026-07-23 15:09:21 [runtime] (ready)           ID.Healthy_1.SC_RNA_COUNTER_CS.SC_MULTI_CORE.MULTI_GEM_WELL_PROCESSOR.VDJ_T_GEM_WELL_PROCESSOR.LIB_VDJ_ANALYZER.ASM_METRICS
2026-07-23 15:09:21 [runtime] (ready)           ID.Healthy_1.SC_RNA_COUNTER_CS.SC_MULTI_CORE.COUNT_ANALYZER._CRISPR_ANALYZER._PERTURBATIONS_BY_FEATURE
2026-07-23 15:09:21 [runtime] (ready)           ID.Healthy_1.SC_RNA_COUNTER_CS.SC_MULTI_CORE.COUNT_ANALYZER._CRISPR_ANALYZER._PERTURBATIONS_BY_TARGET
2026-07-23 15:09:21 [runtime] (ready)           ID.Healthy_1.SC_RNA_COUNTER_CS.SC_MULTI_CORE.PICK_BEAM_ANALYZER
2026-07-23 15:09:21 [runtime] (ready)           ID.Healthy_1.SC_RNA_COUNTER_CS.SC_MULTI_CORE.MULTI_GEM_WELL_PROCESSOR.VDJ_T_GEM_WELL_PROCESSOR.LIB_VDJ_ANALYZER.FILTER_EXACT_CLONOTYPES
2026-07-23 15:09:21 [runtime] (ready)           ID.Healthy_1.SC_RNA_COUNTER_CS.SC_MULTI_CORE.MULTI_GEM_WELL_PROCESSOR.VDJ_T_GD_GEM_WELL_PROCESSOR.LIB_VDJ_ANALYZER.ASM_METRICS
2026-07-23 15:09:21 [runtime] (ready)           ID.Healthy_1.SC_RNA_COUNTER_CS.SC_MULTI_CORE.COUNT_ANALYZER._CRISPR_ANALYZER.SUMMARIZE_CRISPR_ANALYSIS
2026-07-23 15:09:21 [runtime] (ready)           ID.Healthy_1.SC_RNA_COUNTER_CS.SC_MULTI_CORE.MULTI_GEM_WELL_PROCESSOR.VDJ_B_GEM_WELL_PROCESSOR.LIB_VDJ_ANALYZER.FILTER_EXACT_CLONOTYPES
2026-07-23 15:09:21 [runtime] (ready)           ID.Healthy_1.SC_RNA_COUNTER_CS.SC_MULTI_CORE.MULTI_GEM_WELL_PROCESSOR.VDJ_T_GD_GEM_WELL_PROCESSOR.LIB_VDJ_ANALYZER.MAKE_EXACT_CLONOTYPES
2026-07-23 15:09:21 [runtime] (ready)           ID.Healthy_1.SC_RNA_COUNTER_CS.SC_MULTI_CORE.MULTI_GEM_WELL_PROCESSOR.VDJ_T_GEM_WELL_PROCESSOR.LIB_VDJ_ANALYZER.CLONOTYPE_ASSIGNER.RUN_ENCLONE
2026-07-23 15:09:21 [runtime] (chunks_complete) ID.Healthy_1.SC_RNA_COUNTER_CS.SC_MULTI_CORE.LIBRARY_CLOUD_CELL_ANNOTATION_VIABLE_BUT_NOT_REQUESTED
2026-07-23 15:09:21 [runtime] (chunks_complete) ID.Healthy_1.SC_RNA_COUNTER_CS.SC_MULTI_CORE.MULTI_GEM_WELL_PROCESSOR.COUNT_GEM_WELL_PROCESSOR._BASIC_SC_RNA_COUNTER._POST_MATRIX_COMPUTATION.INFER_GEM_WELL_THROUGHPUT
2026-07-23 15:09:21 [runtime] (ready)           ID.Healthy_1.SC_RNA_COUNTER_CS.SC_MULTI_CORE.MULTI_GEM_WELL_PROCESSOR.VDJ_B_GEM_WELL_PROCESSOR.LIB_VDJ_ANALYZER.CLONOTYPE_ASSIGNER.RUN_ENCLONE
2026-07-23 15:09:21 [runtime] (ready)           ID.Healthy_1.SC_RNA_COUNTER_CS.SC_MULTI_CORE.MULTI_GEM_WELL_PROCESSOR.VDJ_B_GEM_WELL_PROCESSOR.LIB_VDJ_ANALYZER.CLONOTYPE_ASSIGNER.FILL_CLONOTYPE_INFO
2026-07-23 15:09:21 [runtime] (ready)           ID.Healthy_1.SC_RNA_COUNTER_CS.SC_MULTI_CORE.MULTI_GEM_WELL_PROCESSOR.VDJ_T_GEM_WELL_PROCESSOR.LIB_VDJ_ANALYZER.CLONOTYPE_ASSIGNER.WRITE_CONSENSUS_TXT
2026-07-23 15:09:21 [runtime] (ready)           ID.Healthy_1.SC_RNA_COUNTER_CS.SC_MULTI_CORE.MULTI_GEM_WELL_PROCESSOR.VDJ_B_GEM_WELL_PROCESSOR.LIB_VDJ_ANALYZER.CLONOTYPE_ASSIGNER.WRITE_CLONOTYPE_OUTS
2026-07-23 15:09:21 [runtime] (ready)           ID.Healthy_1.SC_RNA_COUNTER_CS.SC_MULTI_CORE.MULTI_GEM_WELL_PROCESSOR.VDJ_T_GEM_WELL_PROCESSOR.LIB_VDJ_ANALYZER.CLONOTYPE_ASSIGNER.FILL_CLONOTYPE_INFO
2026-07-23 15:09:21 [runtime] (ready)           ID.Healthy_1.SC_RNA_COUNTER_CS.SC_MULTI_CORE.MULTI_GEM_WELL_PROCESSOR.VDJ_T_GD_GEM_WELL_PROCESSOR.LIB_VDJ_ANALYZER.FILTER_EXACT_CLONOTYPES
2026-07-23 15:09:22 [runtime] (ready)           ID.Healthy_1.SC_RNA_COUNTER_CS.SC_MULTI_CORE.MULTI_GEM_WELL_PROCESSOR.VDJ_T_GEM_WELL_PROCESSOR.LIB_VDJ_ANALYZER.CLONOTYPE_ASSIGNER.WRITE_CLONOTYPE_OUTS
2026-07-23 15:09:22 [runtime] (ready)           ID.Healthy_1.SC_RNA_COUNTER_CS.SC_MULTI_CORE.MULTI_GEM_WELL_PROCESSOR.VDJ_B_GEM_WELL_PROCESSOR.LIB_VDJ_ANALYZER.CLONOTYPE_ASSIGNER.WRITE_CONSENSUS_TXT
2026-07-23 15:09:22 [runtime] (ready)           ID.Healthy_1.SC_RNA_COUNTER_CS.SC_MULTI_CORE.MULTI_GEM_WELL_PROCESSOR.VDJ_B_GEM_WELL_PROCESSOR.LIB_VDJ_ANALYZER.CLONOTYPE_ASSIGNER.WRITE_CONCAT_REF_OUTS
2026-07-23 15:09:22 [runtime] (ready)           ID.Healthy_1.SC_RNA_COUNTER_CS.SC_MULTI_CORE.MULTI_GEM_WELL_PROCESSOR.VDJ_T_GEM_WELL_PROCESSOR.LIB_VDJ_ANALYZER.CLONOTYPE_ASSIGNER.WRITE_CONCAT_REF_OUTS
2026-07-23 15:09:22 [runtime] (ready)           ID.Healthy_1.SC_RNA_COUNTER_CS.SC_MULTI_CORE.MULTI_GEM_WELL_PROCESSOR.VDJ_B_GEM_WELL_PROCESSOR.LIB_VDJ_ANALYZER.CLONOTYPE_ASSIGNER.WRITE_CONSENSUS_BAM
2026-07-23 15:09:22 [runtime] (ready)           ID.Healthy_1.SC_RNA_COUNTER_CS.SC_MULTI_CORE.MULTI_GEM_WELL_PROCESSOR.VDJ_T_GD_GEM_WELL_PROCESSOR.LIB_VDJ_ANALYZER.CLONOTYPE_ASSIGNER.RUN_ENCLONE
2026-07-23 15:09:22 [runtime] (ready)           ID.Healthy_1.SC_RNA_COUNTER_CS.SC_MULTI_CORE.MULTI_GEM_WELL_PROCESSOR.VDJ_B_GEM_WELL_PROCESSOR.LIB_VDJ_ANALYZER.HANDLE_NO_CLONOTYPING
2026-07-23 15:09:22 [runtime] (ready)           ID.Healthy_1.SC_RNA_COUNTER_CS.SC_MULTI_CORE.MULTI_GEM_WELL_PROCESSOR.VDJ_B_GEM_WELL_PROCESSOR.LIB_VDJ_ANALYZER.MAKE_VDJ_PLOTS
2026-07-23 15:09:22 [runtime] (ready)           ID.Healthy_1.SC_RNA_COUNTER_CS.SC_MULTI_CORE.MULTI_GEM_WELL_PROCESSOR.VDJ_B_GEM_WELL_PROCESSOR.LIB_VDJ_ANALYZER.CLONOTYPE_ASSIGNER.CREATE_AIRR_TSV
2026-07-23 15:09:22 [runtime] (ready)           ID.Healthy_1.SC_RNA_COUNTER_CS.SC_MULTI_CORE.MULTI_GEM_WELL_PROCESSOR.VDJ_T_GEM_WELL_PROCESSOR.LIB_VDJ_ANALYZER.HANDLE_NO_CLONOTYPING
2026-07-23 15:09:22 [runtime] (ready)           ID.Healthy_1.SC_RNA_COUNTER_CS.SC_MULTI_CORE.MULTI_GEM_WELL_PROCESSOR.VDJ_B_GEM_WELL_PROCESSOR.LIB_VDJ_ANALYZER.SUMMARIZE_VDJ_FILTERS
2026-07-23 15:09:22 [runtime] (ready)           ID.Healthy_1.SC_RNA_COUNTER_CS.SC_MULTI_CORE.MULTI_GEM_WELL_PROCESSOR.VDJ_T_GEM_WELL_PROCESSOR.LIB_VDJ_ANALYZER.CLONOTYPE_ASSIGNER.CREATE_AIRR_TSV
2026-07-23 15:09:22 [runtime] (ready)           ID.Healthy_1.SC_RNA_COUNTER_CS.SC_MULTI_CORE.MULTI_GEM_WELL_PROCESSOR.VDJ_T_GD_GEM_WELL_PROCESSOR.LIB_VDJ_ANALYZER.CLONOTYPE_ASSIGNER.WRITE_CLONOTYPE_OUTS
2026-07-23 15:09:22 [runtime] (ready)           ID.Healthy_1.SC_RNA_COUNTER_CS.SC_MULTI_CORE.MULTI_GEM_WELL_PROCESSOR.VDJ_T_GEM_WELL_PROCESSOR.LIB_VDJ_ANALYZER.MAKE_VDJ_PLOTS
2026-07-23 15:09:22 [runtime] (ready)           ID.Healthy_1.SC_RNA_COUNTER_CS.SC_MULTI_CORE.MULTI_GEM_WELL_PROCESSOR.VDJ_B_GEM_WELL_PROCESSOR.LIB_VDJ_ANALYZER.WRITE_CONTIG_OUTS
2026-07-23 15:09:22 [runtime] (ready)           ID.Healthy_1.SC_RNA_COUNTER_CS.SC_MULTI_CORE.MULTI_GEM_WELL_PROCESSOR.VDJ_T_GEM_WELL_PROCESSOR.LIB_VDJ_ANALYZER.CLONOTYPE_ASSIGNER.WRITE_CONSENSUS_BAM
2026-07-23 15:09:22 [runtime] (ready)           ID.Healthy_1.SC_RNA_COUNTER_CS.SC_MULTI_CORE.MULTI_GEM_WELL_PROCESSOR.VDJ_B_GEM_WELL_PROCESSOR.LIB_VDJ_ANALYZER.WRITE_ANN_CSV
2026-07-23 15:09:23 [runtime] (ready)           ID.Healthy_1.SC_RNA_COUNTER_CS.SC_MULTI_CORE.MULTI_GEM_WELL_PROCESSOR.VDJ_B_GEM_WELL_PROCESSOR.LIB_VDJ_ANALYZER.BEAM_ANALYZER.CREATE_BARCODE_CSV
2026-07-23 15:09:23 [runtime] (ready)           ID.Healthy_1.SC_RNA_COUNTER_CS.SC_MULTI_CORE.MULTI_GEM_WELL_PROCESSOR.VDJ_T_GEM_WELL_PROCESSOR.LIB_VDJ_ANALYZER.WRITE_ANN_CSV
2026-07-23 15:09:23 [runtime] (ready)           ID.Healthy_1.SC_RNA_COUNTER_CS.SC_MULTI_CORE.MULTI_GEM_WELL_PROCESSOR.VDJ_T_GD_GEM_WELL_PROCESSOR.LIB_VDJ_ANALYZER.CLONOTYPE_ASSIGNER.FILL_CLONOTYPE_INFO
2026-07-23 15:09:23 [runtime] (ready)           ID.Healthy_1.SC_RNA_COUNTER_CS.SC_MULTI_CORE.MULTI_GEM_WELL_PROCESSOR.VDJ_T_GD_GEM_WELL_PROCESSOR.LIB_VDJ_ANALYZER.CLONOTYPE_ASSIGNER.WRITE_CONSENSUS_TXT
2026-07-23 15:09:23 [runtime] (ready)           ID.Healthy_1.SC_RNA_COUNTER_CS.SC_MULTI_CORE.MULTI_GEM_WELL_PROCESSOR.VDJ_T_GEM_WELL_PROCESSOR.LIB_VDJ_ANALYZER.SUMMARIZE_VDJ_FILTERS
2026-07-23 15:09:23 [runtime] (ready)           ID.Healthy_1.SC_RNA_COUNTER_CS.SC_MULTI_CORE.MULTI_GEM_WELL_PROCESSOR.VDJ_B_GEM_WELL_PROCESSOR.LIB_VDJ_ANALYZER.REPORT_CONTIGS
2026-07-23 15:09:23 [runtime] (ready)           ID.Healthy_1.SC_RNA_COUNTER_CS.SC_MULTI_CORE.MULTI_GEM_WELL_PROCESSOR.VDJ_B_GEM_WELL_PROCESSOR.LIB_VDJ_ANALYZER.BEAM_ANALYZER.COMPUTE_ANTIGEN_VDJ_METRICS
2026-07-23 15:09:23 [runtime] (ready)           ID.Healthy_1.SC_RNA_COUNTER_CS.SC_MULTI_CORE.MULTI_GEM_WELL_PROCESSOR.VDJ_B_GEM_WELL_PROCESSOR.LIB_VDJ_ANALYZER.BEAM_ANALYZER.CALCULATE_ANTIGEN_SPECIFICITY
2026-07-23 15:09:23 [runtime] (ready)           ID.Healthy_1.SC_RNA_COUNTER_CS.SC_MULTI_CORE.MULTI_GEM_WELL_PROCESSOR.VDJ_T_GD_GEM_WELL_PROCESSOR.LIB_VDJ_ANALYZER.HANDLE_NO_CLONOTYPING
2026-07-23 15:09:23 [runtime] (ready)           ID.Healthy_1.SC_RNA_COUNTER_CS.SC_MULTI_CORE.MULTI_GEM_WELL_PROCESSOR.VDJ_T_GD_GEM_WELL_PROCESSOR.LIB_VDJ_ANALYZER.MAKE_VDJ_PLOTS
2026-07-23 15:09:23 [runtime] (ready)           ID.Healthy_1.SC_RNA_COUNTER_CS.SC_MULTI_CORE.MULTI_GEM_WELL_PROCESSOR.VDJ_T_GD_GEM_WELL_PROCESSOR.LIB_VDJ_ANALYZER.CLONOTYPE_ASSIGNER.WRITE_CONSENSUS_BAM
2026-07-23 15:09:23 [runtime] (ready)           ID.Healthy_1.SC_RNA_COUNTER_CS.SC_MULTI_CORE.MULTI_GEM_WELL_PROCESSOR.VDJ_T_GEM_WELL_PROCESSOR.LIB_VDJ_ANALYZER.WRITE_CONTIG_OUTS
2026-07-23 15:09:23 [runtime] (ready)           ID.Healthy_1.SC_RNA_COUNTER_CS.SC_MULTI_CORE.MULTI_GEM_WELL_PROCESSOR.VDJ_T_GEM_WELL_PROCESSOR.LIB_VDJ_ANALYZER.BEAM_ANALYZER.CREATE_BARCODE_CSV
2026-07-23 15:09:23 [runtime] (ready)           ID.Healthy_1.SC_RNA_COUNTER_CS.SC_MULTI_CORE.MULTI_GEM_WELL_PROCESSOR.VDJ_T_GEM_WELL_PROCESSOR.LIB_VDJ_ANALYZER.BEAM_ANALYZER.CALCULATE_ANTIGEN_SPECIFICITY
2026-07-23 15:09:23 [runtime] (ready)           ID.Healthy_1.SC_RNA_COUNTER_CS.SC_MULTI_CORE.MULTI_GEM_WELL_PROCESSOR.VDJ_T_GD_GEM_WELL_PROCESSOR.LIB_VDJ_ANALYZER.CLONOTYPE_ASSIGNER.WRITE_CONCAT_REF_OUTS
2026-07-23 15:09:23 [runtime] (ready)           ID.Healthy_1.SC_RNA_COUNTER_CS.SC_MULTI_CORE.MULTI_GEM_WELL_PROCESSOR.VDJ_B_GEM_WELL_PROCESSOR.LIB_VDJ_ANALYZER.MERGE_METRICS
2026-07-23 15:09:23 [runtime] (ready)           ID.Healthy_1.SC_RNA_COUNTER_CS.SC_MULTI_CORE.MULTI_GEM_WELL_PROCESSOR.VDJ_B_GEM_WELL_PROCESSOR.LIB_VDJ_ANALYZER.VLOUPE_PREPROCESS
2026-07-23 15:09:23 [runtime] (ready)           ID.Healthy_1.SC_RNA_COUNTER_CS.SC_MULTI_CORE.MULTI_GEM_WELL_PROCESSOR.VDJ_T_GD_GEM_WELL_PROCESSOR.LIB_VDJ_ANALYZER.CLONOTYPE_ASSIGNER.CREATE_AIRR_TSV
2026-07-23 15:09:23 [runtime] (ready)           ID.Healthy_1.SC_RNA_COUNTER_CS.SC_MULTI_CORE.MULTI_GEM_WELL_PROCESSOR.VDJ_B_GEM_WELL_PROCESSOR.LIB_VDJ_ANALYZER.WRITE_CONTIG_PROTO
2026-07-23 15:09:23 [runtime] (ready)           ID.Healthy_1.SC_RNA_COUNTER_CS.SC_MULTI_CORE.MULTI_GEM_WELL_PROCESSOR.VDJ_T_GEM_WELL_PROCESSOR.LIB_VDJ_ANALYZER.VLOUPE_PREPROCESS
2026-07-23 15:09:23 [runtime] (ready)           ID.Healthy_1.SC_RNA_COUNTER_CS.SC_MULTI_CORE.MULTI_GEM_WELL_PROCESSOR.VDJ_T_GEM_WELL_PROCESSOR.LIB_VDJ_ANALYZER.BEAM_ANALYZER.COMPUTE_ANTIGEN_VDJ_METRICS
2026-07-23 15:09:24 [runtime] (ready)           ID.Healthy_1.SC_RNA_COUNTER_CS.SC_MULTI_CORE.MULTI_GEM_WELL_PROCESSOR.VDJ_B_GEM_WELL_PROCESSOR.LIB_VDJ_ANALYZER.SUMMARIZE_VDJ_REPORTS
2026-07-23 15:09:24 [runtime] (ready)           ID.Healthy_1.SC_RNA_COUNTER_CS.SC_MULTI_CORE.MULTI_GEM_WELL_PROCESSOR.VDJ_T_GEM_WELL_PROCESSOR.LIB_VDJ_ANALYZER.REPORT_CONTIGS
2026-07-23 15:09:24 [runtime] (ready)           ID.Healthy_1.SC_RNA_COUNTER_CS.SC_MULTI_CORE.MULTI_GEM_WELL_PROCESSOR.VDJ_T_GD_GEM_WELL_PROCESSOR.LIB_VDJ_ANALYZER.SUMMARIZE_VDJ_FILTERS
2026-07-23 15:09:24 [runtime] (ready)           ID.Healthy_1.SC_RNA_COUNTER_CS.SC_MULTI_CORE.MULTI_GEM_WELL_PROCESSOR.VDJ_T_GD_GEM_WELL_PROCESSOR.LIB_VDJ_ANALYZER.WRITE_ANN_CSV
2026-07-23 15:09:24 [runtime] (ready)           ID.Healthy_1.SC_RNA_COUNTER_CS.SC_MULTI_CORE.MULTI_GEM_WELL_PROCESSOR.VDJ_T_GD_GEM_WELL_PROCESSOR.LIB_VDJ_ANALYZER.WRITE_CONTIG_OUTS
2026-07-23 15:09:24 [runtime] (ready)           ID.Healthy_1.SC_RNA_COUNTER_CS.SC_MULTI_CORE.MULTI_GEM_WELL_PROCESSOR.VDJ_T_GEM_WELL_PROCESSOR.LIB_VDJ_ANALYZER.MERGE_METRICS
2026-07-23 15:09:24 [runtime] (ready)           ID.Healthy_1.SC_RNA_COUNTER_CS.SC_MULTI_CORE.MULTI_GEM_WELL_PROCESSOR.VDJ_B_GEM_WELL_PROCESSOR.BUILD_PER_SAMPLE_VDJ_WS_CONTENTS
2026-07-23 15:09:24 [runtime] (ready)           ID.Healthy_1.SC_RNA_COUNTER_CS.SC_MULTI_CORE.MULTI_GEM_WELL_PROCESSOR.VDJ_T_GD_GEM_WELL_PROCESSOR.LIB_VDJ_ANALYZER.REPORT_CONTIGS
2026-07-23 15:09:24 [runtime] (ready)           ID.Healthy_1.SC_RNA_COUNTER_CS.SC_MULTI_CORE.MULTI_GEM_WELL_PROCESSOR.VDJ_T_GD_GEM_WELL_PROCESSOR.LIB_VDJ_ANALYZER.BEAM_ANALYZER.CALCULATE_ANTIGEN_SPECIFICITY
2026-07-23 15:09:24 [runtime] (ready)           ID.Healthy_1.SC_RNA_COUNTER_CS.SC_MULTI_CORE.MULTI_GEM_WELL_PROCESSOR.VDJ_T_GD_GEM_WELL_PROCESSOR.LIB_VDJ_ANALYZER.BEAM_ANALYZER.CREATE_BARCODE_CSV
2026-07-23 15:09:24 [runtime] (ready)           ID.Healthy_1.SC_RNA_COUNTER_CS.SC_MULTI_CORE.MULTI_GEM_WELL_PROCESSOR.VDJ_T_GD_GEM_WELL_PROCESSOR.LIB_VDJ_ANALYZER.BEAM_ANALYZER.COMPUTE_ANTIGEN_VDJ_METRICS
2026-07-23 15:09:24 [runtime] (ready)           ID.Healthy_1.SC_RNA_COUNTER_CS.SC_MULTI_CORE.MERGE_VDJ_CELL_BARCODES
2026-07-23 15:09:24 [runtime] (ready)           ID.Healthy_1.SC_RNA_COUNTER_CS.SC_MULTI_CORE.MULTI_GEM_WELL_PROCESSOR.VDJ_T_GEM_WELL_PROCESSOR.LIB_VDJ_ANALYZER.SUMMARIZE_VDJ_REPORTS
2026-07-23 15:09:24 [runtime] (ready)           ID.Healthy_1.SC_RNA_COUNTER_CS.SC_MULTI_CORE.MULTI_GEM_WELL_PROCESSOR.VDJ_T_GEM_WELL_PROCESSOR.LIB_VDJ_ANALYZER.WRITE_CONTIG_PROTO
2026-07-23 15:09:24 [runtime] (ready)           ID.Healthy_1.SC_RNA_COUNTER_CS.SC_MULTI_CORE.MULTI_GEM_WELL_PROCESSOR.VDJ_T_GD_GEM_WELL_PROCESSOR.LIB_VDJ_ANALYZER.VLOUPE_PREPROCESS
2026-07-23 15:09:24 [runtime] (ready)           ID.Healthy_1.SC_RNA_COUNTER_CS.SC_MULTI_CORE.VDJ_COMPUTE_SUBSEQ_METRICS
2026-07-23 15:09:24 [runtime] (ready)           ID.Healthy_1.SC_RNA_COUNTER_CS.SC_MULTI_CORE.MULTI_GEM_WELL_PROCESSOR.VDJ_T_GEM_WELL_PROCESSOR.BUILD_PER_SAMPLE_VDJ_WS_CONTENTS
2026-07-23 15:09:24 [runtime] (ready)           ID.Healthy_1.SC_RNA_COUNTER_CS.SC_MULTI_CORE.MULTI_GEM_WELL_PROCESSOR.VDJ_T_GD_GEM_WELL_PROCESSOR.LIB_VDJ_ANALYZER.MERGE_METRICS
2026-07-23 15:09:24 [runtime] (ready)           ID.Healthy_1.SC_RNA_COUNTER_CS.SC_MULTI_CORE.MULTI_GEM_WELL_PROCESSOR.VDJ_T_GD_GEM_WELL_PROCESSOR.LIB_VDJ_ANALYZER.WRITE_CONTIG_PROTO
2026-07-23 15:09:24 [runtime] (ready)           ID.Healthy_1.SC_RNA_COUNTER_CS.SC_MULTI_CORE.MULTI_GEM_WELL_PROCESSOR.VDJ_T_GD_GEM_WELL_PROCESSOR.LIB_VDJ_ANALYZER.SUMMARIZE_VDJ_REPORTS
2026-07-23 15:09:24 [runtime] (ready)           ID.Healthy_1.SC_RNA_COUNTER_CS.SC_MULTI_CORE.MULTI_GEM_WELL_PROCESSOR.VDJ_T_GD_GEM_WELL_PROCESSOR.BUILD_PER_SAMPLE_VDJ_WS_CONTENTS
2026-07-23 15:10:16 [runtime] (join_complete)   ID.Healthy_1.SC_RNA_COUNTER_CS.SC_MULTI_CORE.MULTI_GEM_WELL_PROCESSOR.COUNT_GEM_WELL_PROCESSOR._BASIC_SC_RNA_COUNTER._POST_MATRIX_COMPUTATION._CELLS_REPORTER.WRITE_MOLECULE_INFO
2026-07-23 15:10:17 [runtime] (ready)           ID.Healthy_1.SC_RNA_COUNTER_CS.SC_MULTI_CORE.COUNT_ANALYZER.SC_RNA_ANALYZER.ANALYZER_PREFLIGHT
2026-07-23 15:10:17 [runtime] (run:local)       ID.Healthy_1.SC_RNA_COUNTER_CS.SC_MULTI_CORE.COUNT_ANALYZER.SC_RNA_ANALYZER.ANALYZER_PREFLIGHT.fork0.chnk0.main
2026-07-23 15:10:17 [runtime] (ready)           ID.Healthy_1.SC_RNA_COUNTER_CS.SC_MULTI_CORE.COUNT_ANALYZER._TARGETED_ANALYZER.SUBSAMPLE_ON_TARGET_READS
2026-07-23 15:10:17 [runtime] (ready)           ID.Healthy_1.SC_RNA_COUNTER_CS.SC_MULTI_CORE.COUNT_ANALYZER._TARGETED_ANALYZER._RUN_GDNA_ANALYSIS.GET_GDNA_METRICS
2026-07-23 15:10:17 [runtime] (ready)           ID.Healthy_1.SC_RNA_COUNTER_CS.SC_MULTI_CORE.MULTI_GEM_WELL_PROCESSOR.COUNT_GEM_WELL_PROCESSOR._BASIC_SC_RNA_COUNTER._POST_MATRIX_COMPUTATION._CELLS_REPORTER.SUBSAMPLE_READS
2026-07-23 15:10:17 [runtime] (run:local)       ID.Healthy_1.SC_RNA_COUNTER_CS.SC_MULTI_CORE.MULTI_GEM_WELL_PROCESSOR.COUNT_GEM_WELL_PROCESSOR._BASIC_SC_RNA_COUNTER._POST_MATRIX_COMPUTATION._CELLS_REPORTER.SUBSAMPLE_READS.fork0.split
2026-07-23 15:10:17 [runtime] (ready)           ID.Healthy_1.SC_RNA_COUNTER_CS.SC_MULTI_CORE.COUNT_ANALYZER._TARGETED_ANALYZER._RUN_GDNA_ANALYSIS.GET_GDNA_PLOT
2026-07-23 15:10:17 [runtime] (ready)           ID.Healthy_1.SC_RNA_COUNTER_CS.SC_MULTI_CORE.COUNT_ANALYZER._TARGETED_ANALYZER._RUN_GDNA_ANALYSIS.MERGE_METRICS
2026-07-23 15:10:19 [runtime] (chunks_complete) ID.Healthy_1.SC_RNA_COUNTER_CS.SC_MULTI_CORE.COUNT_ANALYZER.SC_RNA_ANALYZER.ANALYZER_PREFLIGHT
2026-07-23 15:10:19 [runtime] (ready)           ID.Healthy_1.SC_RNA_COUNTER_CS.SC_MULTI_CORE.COUNT_ANALYZER.SC_RNA_ANALYZER.PREPROCESS_MATRIX
2026-07-23 15:10:19 [runtime] (run:local)       ID.Healthy_1.SC_RNA_COUNTER_CS.SC_MULTI_CORE.COUNT_ANALYZER.SC_RNA_ANALYZER.PREPROCESS_MATRIX.fork0.split
2026-07-23 15:10:20 [runtime] (split_complete)  ID.Healthy_1.SC_RNA_COUNTER_CS.SC_MULTI_CORE.MULTI_GEM_WELL_PROCESSOR.COUNT_GEM_WELL_PROCESSOR._BASIC_SC_RNA_COUNTER._POST_MATRIX_COMPUTATION._CELLS_REPORTER.SUBSAMPLE_READS
2026-07-23 15:10:20 [runtime] (run:local)       ID.Healthy_1.SC_RNA_COUNTER_CS.SC_MULTI_CORE.MULTI_GEM_WELL_PROCESSOR.COUNT_GEM_WELL_PROCESSOR._BASIC_SC_RNA_COUNTER._POST_MATRIX_COMPUTATION._CELLS_REPORTER.SUBSAMPLE_READS.fork0.chnk0.main
2026-07-23 15:10:20 [runtime] (run:local)       ID.Healthy_1.SC_RNA_COUNTER_CS.SC_MULTI_CORE.MULTI_GEM_WELL_PROCESSOR.COUNT_GEM_WELL_PROCESSOR._BASIC_SC_RNA_COUNTER._POST_MATRIX_COMPUTATION._CELLS_REPORTER.SUBSAMPLE_READS.fork0.chnk1.main
2026-07-23 15:10:20 [runtime] (run:local)       ID.Healthy_1.SC_RNA_COUNTER_CS.SC_MULTI_CORE.MULTI_GEM_WELL_PROCESSOR.COUNT_GEM_WELL_PROCESSOR._BASIC_SC_RNA_COUNTER._POST_MATRIX_COMPUTATION._CELLS_REPORTER.SUBSAMPLE_READS.fork0.chnk2.main
2026-07-23 15:10:21 [runtime] (split_complete)  ID.Healthy_1.SC_RNA_COUNTER_CS.SC_MULTI_CORE.COUNT_ANALYZER.SC_RNA_ANALYZER.PREPROCESS_MATRIX
2026-07-23 15:10:21 [runtime] (run:local)       ID.Healthy_1.SC_RNA_COUNTER_CS.SC_MULTI_CORE.COUNT_ANALYZER.SC_RNA_ANALYZER.PREPROCESS_MATRIX.fork0.join
2026-07-23 15:10:36 [runtime] (join_complete)   ID.Healthy_1.SC_RNA_COUNTER_CS.SC_MULTI_CORE.COUNT_ANALYZER.SC_RNA_ANALYZER.PREPROCESS_MATRIX
2026-07-23 15:10:36 [runtime] (ready)           ID.Healthy_1.SC_RNA_COUNTER_CS.SC_MULTI_CORE.COUNT_ANALYZER.SC_RNA_ANALYZER._ANTIBODY_ANALYZER.SUMMARIZE_ANTIBODY_ANALYSIS
2026-07-23 15:10:36 [runtime] (ready)           ID.Healthy_1.SC_RNA_COUNTER_CS.SC_MULTI_CORE.COUNT_ANALYZER.SC_RNA_ANALYZER.RUN_MULTIGENOME_ANALYSIS
2026-07-23 15:10:36 [runtime] (run:local)       ID.Healthy_1.SC_RNA_COUNTER_CS.SC_MULTI_CORE.COUNT_ANALYZER.SC_RNA_ANALYZER.RUN_MULTIGENOME_ANALYSIS.fork0.split
2026-07-23 15:10:36 [runtime] (ready)           ID.Healthy_1.SC_RNA_COUNTER_CS.SC_MULTI_CORE.COUNT_ANALYZER.SC_RNA_ANALYZER._ANTIBODY_ANALYZER.CALL_ANTIBODIES
2026-07-23 15:10:36 [runtime] (ready)           ID.Healthy_1.SC_RNA_COUNTER_CS.SC_MULTI_CORE.COUNT_ANALYZER.SC_RNA_ANALYZER.RUN_BATCH_CORRECTION_PCA.PCA_PREP
2026-07-23 15:10:36 [runtime] (ready)           ID.Healthy_1.SC_RNA_COUNTER_CS.SC_MULTI_CORE.COUNT_ANALYZER.SC_RNA_ANALYZER._ANTIGEN_ANALYZER.SUMMARIZE_ANTIBODY_ANALYSIS
2026-07-23 15:10:37 [runtime] (ready)           ID.Healthy_1.SC_RNA_COUNTER_CS.SC_MULTI_CORE.COUNT_ANALYZER.SC_RNA_ANALYZER._ANTIGEN_ANALYZER.CALL_ANTIBODIES
2026-07-23 15:10:37 [runtime] (ready)           ID.Healthy_1.SC_RNA_COUNTER_CS.SC_MULTI_CORE.COUNT_ANALYZER.SC_RNA_ANALYZER.RUN_BATCH_CORRECTION_PCA.RUN_PCA2
2026-07-23 15:10:37 [runtime] (ready)           ID.Healthy_1.SC_RNA_COUNTER_CS.SC_MULTI_CORE.COUNT_ANALYZER.SC_RNA_ANALYZER.RUN_BATCH_CORRECTION_PCA.POST_PCA
2026-07-23 15:10:37 [runtime] (ready)           ID.Healthy_1.SC_RNA_COUNTER_CS.SC_MULTI_CORE.COUNT_ANALYZER.SC_RNA_ANALYZER.CORRECT_CHEMISTRY_BATCH
2026-07-23 15:10:37 [runtime] (ready)           ID.Healthy_1.SC_RNA_COUNTER_CS.SC_MULTI_CORE.COUNT_ANALYZER.SC_RNA_ANALYZER.RUN_PCA
2026-07-23 15:10:37 [runtime] (run:local)       ID.Healthy_1.SC_RNA_COUNTER_CS.SC_MULTI_CORE.COUNT_ANALYZER.SC_RNA_ANALYZER.RUN_PCA.fork0.split
2026-07-23 15:10:38 [runtime] (split_complete)  ID.Healthy_1.SC_RNA_COUNTER_CS.SC_MULTI_CORE.COUNT_ANALYZER.SC_RNA_ANALYZER.RUN_PCA
2026-07-23 15:10:38 [runtime] (run:local)       ID.Healthy_1.SC_RNA_COUNTER_CS.SC_MULTI_CORE.COUNT_ANALYZER.SC_RNA_ANALYZER.RUN_PCA.fork0.chnk0.main
2026-07-23 15:10:38 [runtime] (split_complete)  ID.Healthy_1.SC_RNA_COUNTER_CS.SC_MULTI_CORE.COUNT_ANALYZER.SC_RNA_ANALYZER.RUN_MULTIGENOME_ANALYSIS
2026-07-23 15:10:38 [runtime] (run:local)       ID.Healthy_1.SC_RNA_COUNTER_CS.SC_MULTI_CORE.COUNT_ANALYZER.SC_RNA_ANALYZER.RUN_MULTIGENOME_ANALYSIS.fork0.join
2026-07-23 15:10:40 [runtime] (join_complete)   ID.Healthy_1.SC_RNA_COUNTER_CS.SC_MULTI_CORE.COUNT_ANALYZER.SC_RNA_ANALYZER.RUN_MULTIGENOME_ANALYSIS
2026-07-23 15:11:10 [runtime] (chunks_complete) ID.Healthy_1.SC_RNA_COUNTER_CS.SC_MULTI_CORE.COUNT_ANALYZER.SC_RNA_ANALYZER.RUN_PCA
2026-07-23 15:11:10 [runtime] (run:local)       ID.Healthy_1.SC_RNA_COUNTER_CS.SC_MULTI_CORE.COUNT_ANALYZER.SC_RNA_ANALYZER.RUN_PCA.fork0.join
2026-07-23 15:11:10 [runtime] (join_complete)   ID.Healthy_1.SC_RNA_COUNTER_CS.SC_MULTI_CORE.COUNT_ANALYZER.SC_RNA_ANALYZER.RUN_PCA
2026-07-23 15:11:10 [runtime] (ready)           ID.Healthy_1.SC_RNA_COUNTER_CS.SC_MULTI_CORE.COUNT_ANALYZER.SC_RNA_ANALYZER.RUN_KMEANS
2026-07-23 15:11:10 [runtime] (run:local)       ID.Healthy_1.SC_RNA_COUNTER_CS.SC_MULTI_CORE.COUNT_ANALYZER.SC_RNA_ANALYZER.RUN_KMEANS.fork0.split
2026-07-23 15:11:10 [runtime] (ready)           ID.Healthy_1.SC_RNA_COUNTER_CS.SC_MULTI_CORE.COUNT_ANALYZER.SC_RNA_ANALYZER.RUN_UMAP
2026-07-23 15:11:10 [runtime] (run:local)       ID.Healthy_1.SC_RNA_COUNTER_CS.SC_MULTI_CORE.COUNT_ANALYZER.SC_RNA_ANALYZER.RUN_UMAP.fork0.split
2026-07-23 15:11:10 [runtime] (ready)           ID.Healthy_1.SC_RNA_COUNTER_CS.SC_MULTI_CORE.COUNT_ANALYZER.SC_RNA_ANALYZER.RUN_GRAPH_CLUSTERING
2026-07-23 15:11:10 [runtime] (run:local)       ID.Healthy_1.SC_RNA_COUNTER_CS.SC_MULTI_CORE.COUNT_ANALYZER.SC_RNA_ANALYZER.RUN_GRAPH_CLUSTERING.fork0.split
2026-07-23 15:11:10 [runtime] (ready)           ID.Healthy_1.SC_RNA_COUNTER_CS.SC_MULTI_CORE.COUNT_ANALYZER.SC_RNA_ANALYZER.RUN_TSNE
2026-07-23 15:11:11 [runtime] (split_complete)  ID.Healthy_1.SC_RNA_COUNTER_CS.SC_MULTI_CORE.COUNT_ANALYZER.SC_RNA_ANALYZER.RUN_UMAP
2026-07-23 15:11:11 [runtime] (run:local)       ID.Healthy_1.SC_RNA_COUNTER_CS.SC_MULTI_CORE.COUNT_ANALYZER.SC_RNA_ANALYZER.RUN_UMAP.fork0.chnk0.main
2026-07-23 15:11:11 [runtime] (split_complete)  ID.Healthy_1.SC_RNA_COUNTER_CS.SC_MULTI_CORE.COUNT_ANALYZER.SC_RNA_ANALYZER.RUN_GRAPH_CLUSTERING
2026-07-23 15:11:11 [runtime] (run:local)       ID.Healthy_1.SC_RNA_COUNTER_CS.SC_MULTI_CORE.COUNT_ANALYZER.SC_RNA_ANALYZER.RUN_GRAPH_CLUSTERING.fork0.chnk0.main
2026-07-23 15:11:21 [runtime] (split_complete)  ID.Healthy_1.SC_RNA_COUNTER_CS.SC_MULTI_CORE.COUNT_ANALYZER.SC_RNA_ANALYZER.RUN_KMEANS
2026-07-23 15:11:21 [runtime] (run:local)       ID.Healthy_1.SC_RNA_COUNTER_CS.SC_MULTI_CORE.COUNT_ANALYZER.SC_RNA_ANALYZER.RUN_KMEANS.fork0.chnk0.main
2026-07-23 15:11:21 [runtime] (run:local)       ID.Healthy_1.SC_RNA_COUNTER_CS.SC_MULTI_CORE.COUNT_ANALYZER.SC_RNA_ANALYZER.RUN_KMEANS.fork0.chnk1.main
2026-07-23 15:11:21 [runtime] (run:local)       ID.Healthy_1.SC_RNA_COUNTER_CS.SC_MULTI_CORE.COUNT_ANALYZER.SC_RNA_ANALYZER.RUN_KMEANS.fork0.chnk2.main
2026-07-23 15:11:21 [runtime] (run:local)       ID.Healthy_1.SC_RNA_COUNTER_CS.SC_MULTI_CORE.COUNT_ANALYZER.SC_RNA_ANALYZER.RUN_KMEANS.fork0.chnk3.main
2026-07-23 15:11:21 [runtime] (run:local)       ID.Healthy_1.SC_RNA_COUNTER_CS.SC_MULTI_CORE.COUNT_ANALYZER.SC_RNA_ANALYZER.RUN_KMEANS.fork0.chnk4.main
2026-07-23 15:11:21 [runtime] (run:local)       ID.Healthy_1.SC_RNA_COUNTER_CS.SC_MULTI_CORE.COUNT_ANALYZER.SC_RNA_ANALYZER.RUN_KMEANS.fork0.chnk5.main
2026-07-23 15:11:21 [runtime] (run:local)       ID.Healthy_1.SC_RNA_COUNTER_CS.SC_MULTI_CORE.COUNT_ANALYZER.SC_RNA_ANALYZER.RUN_KMEANS.fork0.chnk6.main
2026-07-23 15:11:21 [runtime] (run:local)       ID.Healthy_1.SC_RNA_COUNTER_CS.SC_MULTI_CORE.COUNT_ANALYZER.SC_RNA_ANALYZER.RUN_KMEANS.fork0.chnk7.main
2026-07-23 15:11:21 [runtime] (run:local)       ID.Healthy_1.SC_RNA_COUNTER_CS.SC_MULTI_CORE.COUNT_ANALYZER.SC_RNA_ANALYZER.RUN_KMEANS.fork0.chnk8.main
2026-07-23 15:11:28 [runtime] (chunks_complete) ID.Healthy_1.SC_RNA_COUNTER_CS.SC_MULTI_CORE.COUNT_ANALYZER.SC_RNA_ANALYZER.RUN_GRAPH_CLUSTERING
2026-07-23 15:11:28 [runtime] (run:local)       ID.Healthy_1.SC_RNA_COUNTER_CS.SC_MULTI_CORE.COUNT_ANALYZER.SC_RNA_ANALYZER.RUN_GRAPH_CLUSTERING.fork0.join
2026-07-23 15:11:29 [runtime] (join_complete)   ID.Healthy_1.SC_RNA_COUNTER_CS.SC_MULTI_CORE.COUNT_ANALYZER.SC_RNA_ANALYZER.RUN_GRAPH_CLUSTERING
2026-07-23 15:11:29 [runtime] (ready)           ID.Healthy_1.SC_RNA_COUNTER_CS.SC_MULTI_CORE.COUNT_ANALYZER.SC_RNA_ANALYZER.RUN_HIERARCHICAL_CLUSTERING
2026-07-23 15:11:30 [runtime] (chunks_complete) ID.Healthy_1.SC_RNA_COUNTER_CS.SC_MULTI_CORE.COUNT_ANALYZER.SC_RNA_ANALYZER.RUN_KMEANS
2026-07-23 15:11:30 [runtime] (run:local)       ID.Healthy_1.SC_RNA_COUNTER_CS.SC_MULTI_CORE.COUNT_ANALYZER.SC_RNA_ANALYZER.RUN_KMEANS.fork0.join
2026-07-23 15:11:33 [runtime] (join_complete)   ID.Healthy_1.SC_RNA_COUNTER_CS.SC_MULTI_CORE.COUNT_ANALYZER.SC_RNA_ANALYZER.RUN_KMEANS
2026-07-23 15:11:33 [runtime] (ready)           ID.Healthy_1.SC_RNA_COUNTER_CS.SC_MULTI_CORE.COUNT_ANALYZER.SC_RNA_ANALYZER.COMBINE_CLUSTERING
2026-07-23 15:11:33 [runtime] (run:local)       ID.Healthy_1.SC_RNA_COUNTER_CS.SC_MULTI_CORE.COUNT_ANALYZER.SC_RNA_ANALYZER.COMBINE_CLUSTERING.fork0.chnk0.main
2026-07-23 15:11:34 [runtime] (chunks_complete) ID.Healthy_1.SC_RNA_COUNTER_CS.SC_MULTI_CORE.COUNT_ANALYZER.SC_RNA_ANALYZER.COMBINE_CLUSTERING
2026-07-23 15:11:34 [runtime] (ready)           ID.Healthy_1.SC_RNA_COUNTER_CS.SC_MULTI_CORE.COUNT_ANALYZER.SC_RNA_ANALYZER.RUN_DIFFERENTIAL_EXPRESSION
2026-07-23 15:11:34 [runtime] (run:local)       ID.Healthy_1.SC_RNA_COUNTER_CS.SC_MULTI_CORE.COUNT_ANALYZER.SC_RNA_ANALYZER.RUN_DIFFERENTIAL_EXPRESSION.fork0.split
2026-07-23 15:11:34 [runtime] (split_complete)  ID.Healthy_1.SC_RNA_COUNTER_CS.SC_MULTI_CORE.COUNT_ANALYZER.SC_RNA_ANALYZER.RUN_DIFFERENTIAL_EXPRESSION
2026-07-23 15:11:34 [runtime] (run:local)       ID.Healthy_1.SC_RNA_COUNTER_CS.SC_MULTI_CORE.COUNT_ANALYZER.SC_RNA_ANALYZER.RUN_DIFFERENTIAL_EXPRESSION.fork0.chnk0.main
2026-07-23 15:11:34 [runtime] (run:local)       ID.Healthy_1.SC_RNA_COUNTER_CS.SC_MULTI_CORE.COUNT_ANALYZER.SC_RNA_ANALYZER.RUN_DIFFERENTIAL_EXPRESSION.fork0.chnk1.main
2026-07-23 15:11:34 [runtime] (run:local)       ID.Healthy_1.SC_RNA_COUNTER_CS.SC_MULTI_CORE.COUNT_ANALYZER.SC_RNA_ANALYZER.RUN_DIFFERENTIAL_EXPRESSION.fork0.chnk2.main
2026-07-23 15:11:34 [runtime] (run:local)       ID.Healthy_1.SC_RNA_COUNTER_CS.SC_MULTI_CORE.COUNT_ANALYZER.SC_RNA_ANALYZER.RUN_DIFFERENTIAL_EXPRESSION.fork0.chnk3.main
2026-07-23 15:11:34 [runtime] (run:local)       ID.Healthy_1.SC_RNA_COUNTER_CS.SC_MULTI_CORE.COUNT_ANALYZER.SC_RNA_ANALYZER.RUN_DIFFERENTIAL_EXPRESSION.fork0.chnk4.main
2026-07-23 15:11:34 [runtime] (run:local)       ID.Healthy_1.SC_RNA_COUNTER_CS.SC_MULTI_CORE.COUNT_ANALYZER.SC_RNA_ANALYZER.RUN_DIFFERENTIAL_EXPRESSION.fork0.chnk5.main
2026-07-23 15:11:34 [runtime] (run:local)       ID.Healthy_1.SC_RNA_COUNTER_CS.SC_MULTI_CORE.COUNT_ANALYZER.SC_RNA_ANALYZER.RUN_DIFFERENTIAL_EXPRESSION.fork0.chnk6.main
2026-07-23 15:11:34 [runtime] (run:local)       ID.Healthy_1.SC_RNA_COUNTER_CS.SC_MULTI_CORE.COUNT_ANALYZER.SC_RNA_ANALYZER.RUN_DIFFERENTIAL_EXPRESSION.fork0.chnk7.main
2026-07-23 15:11:34 [runtime] (run:local)       ID.Healthy_1.SC_RNA_COUNTER_CS.SC_MULTI_CORE.COUNT_ANALYZER.SC_RNA_ANALYZER.RUN_DIFFERENTIAL_EXPRESSION.fork0.chnk8.main
2026-07-23 15:12:13 [runtime] (chunks_complete) ID.Healthy_1.SC_RNA_COUNTER_CS.SC_MULTI_CORE.COUNT_ANALYZER.SC_RNA_ANALYZER.RUN_UMAP
2026-07-23 15:12:13 [runtime] (run:local)       ID.Healthy_1.SC_RNA_COUNTER_CS.SC_MULTI_CORE.COUNT_ANALYZER.SC_RNA_ANALYZER.RUN_UMAP.fork0.join
2026-07-23 15:12:13 [runtime] (join_complete)   ID.Healthy_1.SC_RNA_COUNTER_CS.SC_MULTI_CORE.COUNT_ANALYZER.SC_RNA_ANALYZER.RUN_UMAP
2026-07-23 15:12:37 [runtime] (chunks_complete) ID.Healthy_1.SC_RNA_COUNTER_CS.SC_MULTI_CORE.COUNT_ANALYZER.SC_RNA_ANALYZER.RUN_DIFFERENTIAL_EXPRESSION
2026-07-23 15:12:37 [runtime] (run:local)       ID.Healthy_1.SC_RNA_COUNTER_CS.SC_MULTI_CORE.COUNT_ANALYZER.SC_RNA_ANALYZER.RUN_DIFFERENTIAL_EXPRESSION.fork0.join
2026-07-23 15:12:40 [runtime] (join_complete)   ID.Healthy_1.SC_RNA_COUNTER_CS.SC_MULTI_CORE.COUNT_ANALYZER.SC_RNA_ANALYZER.RUN_DIFFERENTIAL_EXPRESSION
2026-07-23 15:12:40 [runtime] (ready)           ID.Healthy_1.SC_RNA_COUNTER_CS.SC_MULTI_CORE.COUNT_ANALYZER.SC_RNA_ANALYZER.SUMMARIZE_ANALYSIS
2026-07-23 15:12:41 [runtime] (run:local)       ID.Healthy_1.SC_RNA_COUNTER_CS.SC_MULTI_CORE.COUNT_ANALYZER.SC_RNA_ANALYZER.SUMMARIZE_ANALYSIS.fork0.chnk0.main
2026-07-23 15:12:43 [runtime] (chunks_complete) ID.Healthy_1.SC_RNA_COUNTER_CS.SC_MULTI_CORE.COUNT_ANALYZER.SC_RNA_ANALYZER.SUMMARIZE_ANALYSIS
2026-07-23 15:12:43 [runtime] (ready)           ID.Healthy_1.SC_RNA_COUNTER_CS.SC_MULTI_CORE.LIBRARY_CELL_ANNOTATION_SERVICE.ASSIGN_LOW_UMI_CELLS
2026-07-23 15:12:43 [runtime] (run:local)       ID.Healthy_1.SC_RNA_COUNTER_CS.SC_MULTI_CORE.LIBRARY_CELL_ANNOTATION_SERVICE.ASSIGN_LOW_UMI_CELLS.fork0.split
2026-07-23 15:12:43 [runtime] (ready)           ID.Healthy_1.SC_RNA_COUNTER_CS.SC_MULTI_CORE.MULTI_REPORTER.GENERATE_LIBRARY_PLOTS
2026-07-23 15:12:43 [runtime] (split_complete)  ID.Healthy_1.SC_RNA_COUNTER_CS.SC_MULTI_CORE.LIBRARY_CELL_ANNOTATION_SERVICE.ASSIGN_LOW_UMI_CELLS
2026-07-23 15:12:43 [runtime] (run:local)       ID.Healthy_1.SC_RNA_COUNTER_CS.SC_MULTI_CORE.LIBRARY_CELL_ANNOTATION_SERVICE.ASSIGN_LOW_UMI_CELLS.fork0.join
2026-07-23 15:12:43 [runtime] (join_complete)   ID.Healthy_1.SC_RNA_COUNTER_CS.SC_MULTI_CORE.LIBRARY_CELL_ANNOTATION_SERVICE.ASSIGN_LOW_UMI_CELLS
2026-07-23 15:12:43 [runtime] (ready)           ID.Healthy_1.SC_RNA_COUNTER_CS.SC_MULTI_CORE.LIBRARY_CELL_ANNOTATION_SERVICE.ANNOTATE_CELLS._ANNOTATE_CELLS.CREATE_META_CELLS
2026-07-23 15:12:43 [runtime] (run:local)       ID.Healthy_1.SC_RNA_COUNTER_CS.SC_MULTI_CORE.LIBRARY_CELL_ANNOTATION_SERVICE.ANNOTATE_CELLS._ANNOTATE_CELLS.CREATE_META_CELLS.fork0.split
2026-07-23 15:12:45 [runtime] (split_complete)  ID.Healthy_1.SC_RNA_COUNTER_CS.SC_MULTI_CORE.LIBRARY_CELL_ANNOTATION_SERVICE.ANNOTATE_CELLS._ANNOTATE_CELLS.CREATE_META_CELLS
2026-07-23 15:12:45 [runtime] (run:local)       ID.Healthy_1.SC_RNA_COUNTER_CS.SC_MULTI_CORE.LIBRARY_CELL_ANNOTATION_SERVICE.ANNOTATE_CELLS._ANNOTATE_CELLS.CREATE_META_CELLS.fork0.join
2026-07-23 15:12:47 [runtime] (join_complete)   ID.Healthy_1.SC_RNA_COUNTER_CS.SC_MULTI_CORE.LIBRARY_CELL_ANNOTATION_SERVICE.ANNOTATE_CELLS._ANNOTATE_CELLS.CREATE_META_CELLS
2026-07-23 15:12:47 [runtime] (ready)           ID.Healthy_1.SC_RNA_COUNTER_CS.SC_MULTI_CORE.LIBRARY_CELL_ANNOTATION_SERVICE.ANNOTATE_CELLS._ANNOTATE_CELLS.CALL_CELL_TYPES.CALL_AZIMUTH_CELL_TYPES.fork0
2026-07-23 15:12:47 [runtime] (run:local)       ID.Healthy_1.SC_RNA_COUNTER_CS.SC_MULTI_CORE.LIBRARY_CELL_ANNOTATION_SERVICE.ANNOTATE_CELLS._ANNOTATE_CELLS.CALL_CELL_TYPES.CALL_AZIMUTH_CELL_TYPES.fork0.split
2026-07-23 15:12:47 [runtime] (ready)           ID.Healthy_1.SC_RNA_COUNTER_CS.SC_MULTI_CORE.LIBRARY_CELL_ANNOTATION_SERVICE.ANNOTATE_CELLS._ANNOTATE_CELLS.CALL_CELL_TYPES.CALL_AZIMUTH_CELL_TYPES.fork1
2026-07-23 15:12:47 [runtime] (ready)           ID.Healthy_1.SC_RNA_COUNTER_CS.SC_MULTI_CORE.LIBRARY_CELL_ANNOTATION_SERVICE.ANNOTATE_CELLS._ANNOTATE_CELLS.CALL_CELL_TYPES.CALL_CLOUD_CELL_TYPES.fork0
2026-07-23 15:12:47 [runtime] (ready)           ID.Healthy_1.SC_RNA_COUNTER_CS.SC_MULTI_CORE.LIBRARY_CELL_ANNOTATION_SERVICE.ANNOTATE_CELLS._ANNOTATE_CELLS.CALL_CELL_TYPES.CALL_CLOUD_CELL_TYPES.fork1
2026-07-23 15:12:47 [runtime] (run:local)       ID.Healthy_1.SC_RNA_COUNTER_CS.SC_MULTI_CORE.LIBRARY_CELL_ANNOTATION_SERVICE.ANNOTATE_CELLS._ANNOTATE_CELLS.CALL_CELL_TYPES.CALL_CLOUD_CELL_TYPES.fork1.split
2026-07-23 15:12:48 [runtime] (split_complete)  ID.Healthy_1.SC_RNA_COUNTER_CS.SC_MULTI_CORE.LIBRARY_CELL_ANNOTATION_SERVICE.ANNOTATE_CELLS._ANNOTATE_CELLS.CALL_CELL_TYPES.CALL_CLOUD_CELL_TYPES.fork1
2026-07-23 15:12:49 [runtime] (run:local)       ID.Healthy_1.SC_RNA_COUNTER_CS.SC_MULTI_CORE.LIBRARY_CELL_ANNOTATION_SERVICE.ANNOTATE_CELLS._ANNOTATE_CELLS.CALL_CELL_TYPES.CALL_CLOUD_CELL_TYPES.fork1.join
2026-07-23 15:12:54 [runtime] (split_complete)  ID.Healthy_1.SC_RNA_COUNTER_CS.SC_MULTI_CORE.LIBRARY_CELL_ANNOTATION_SERVICE.ANNOTATE_CELLS._ANNOTATE_CELLS.CALL_CELL_TYPES.CALL_AZIMUTH_CELL_TYPES.fork0
2026-07-23 15:12:54 [runtime] (run:local)       ID.Healthy_1.SC_RNA_COUNTER_CS.SC_MULTI_CORE.LIBRARY_CELL_ANNOTATION_SERVICE.ANNOTATE_CELLS._ANNOTATE_CELLS.CALL_CELL_TYPES.CALL_AZIMUTH_CELL_TYPES.fork0.chnk0.main
2026-07-23 15:12:54 [runtime] (run:local)       ID.Healthy_1.SC_RNA_COUNTER_CS.SC_MULTI_CORE.LIBRARY_CELL_ANNOTATION_SERVICE.ANNOTATE_CELLS._ANNOTATE_CELLS.CALL_CELL_TYPES.CALL_AZIMUTH_CELL_TYPES.fork0.chnk1.main
2026-07-23 15:12:59 [runtime] (join_complete)   ID.Healthy_1.SC_RNA_COUNTER_CS.SC_MULTI_CORE.LIBRARY_CELL_ANNOTATION_SERVICE.ANNOTATE_CELLS._ANNOTATE_CELLS.CALL_CELL_TYPES.CALL_CLOUD_CELL_TYPES.fork1
Alerts for ID.Healthy_1.SC_RNA_COUNTER_CS.SC_MULTI_CORE.LIBRARY_CELL_ANNOTATION_SERVICE.ANNOTATE_CELLS._ANNOTATE_CELLS.CALL_CELL_TYPES.CALL_CLOUD_CELL_TYPES.fork1:
Could not read token information from None: No token supplied; skipping annotation via 10x Cloud

2026-07-23 15:13:23 [runtime] (chunks_complete) ID.Healthy_1.SC_RNA_COUNTER_CS.SC_MULTI_CORE.LIBRARY_CELL_ANNOTATION_SERVICE.ANNOTATE_CELLS._ANNOTATE_CELLS.CALL_CELL_TYPES.CALL_AZIMUTH_CELL_TYPES.fork0
2026-07-23 15:13:23 [runtime] (run:local)       ID.Healthy_1.SC_RNA_COUNTER_CS.SC_MULTI_CORE.LIBRARY_CELL_ANNOTATION_SERVICE.ANNOTATE_CELLS._ANNOTATE_CELLS.CALL_CELL_TYPES.CALL_AZIMUTH_CELL_TYPES.fork0.join
2026-07-23 15:13:26 [runtime] (join_complete)   ID.Healthy_1.SC_RNA_COUNTER_CS.SC_MULTI_CORE.LIBRARY_CELL_ANNOTATION_SERVICE.ANNOTATE_CELLS._ANNOTATE_CELLS.CALL_CELL_TYPES.CALL_AZIMUTH_CELL_TYPES.fork0
2026-07-23 15:13:26 [runtime] (ready)           ID.Healthy_1.SC_RNA_COUNTER_CS.SC_MULTI_CORE.LIBRARY_CELL_ANNOTATION_SERVICE.ANNOTATE_CELLS._ANNOTATE_CELLS.CALL_CELL_TYPES.CELL_TYPING_MULTIPLEXER.fork0
2026-07-23 15:13:26 [runtime] (run:local)       ID.Healthy_1.SC_RNA_COUNTER_CS.SC_MULTI_CORE.LIBRARY_CELL_ANNOTATION_SERVICE.ANNOTATE_CELLS._ANNOTATE_CELLS.CALL_CELL_TYPES.CELL_TYPING_MULTIPLEXER.fork0.chnk0.main
2026-07-23 15:13:26 [runtime] (ready)           ID.Healthy_1.SC_RNA_COUNTER_CS.SC_MULTI_CORE.LIBRARY_CELL_ANNOTATION_SERVICE.ANNOTATE_CELLS._ANNOTATE_CELLS.CALL_CELL_TYPES.CELL_TYPING_MULTIPLEXER.fork1
2026-07-23 15:13:26 [runtime] (run:local)       ID.Healthy_1.SC_RNA_COUNTER_CS.SC_MULTI_CORE.LIBRARY_CELL_ANNOTATION_SERVICE.ANNOTATE_CELLS._ANNOTATE_CELLS.CALL_CELL_TYPES.CELL_TYPING_MULTIPLEXER.fork1.chnk0.main
2026-07-23 15:13:26 [runtime] (chunks_complete) ID.Healthy_1.SC_RNA_COUNTER_CS.SC_MULTI_CORE.LIBRARY_CELL_ANNOTATION_SERVICE.ANNOTATE_CELLS._ANNOTATE_CELLS.CALL_CELL_TYPES.CELL_TYPING_MULTIPLEXER.fork0
2026-07-23 15:13:26 [runtime] (complete)        ID.Healthy_1.SC_RNA_COUNTER_CS.SC_MULTI_CORE.LIBRARY_CELL_ANNOTATION_SERVICE.ANNOTATE_CELLS._ANNOTATE_CELLS.CALL_CELL_TYPES.CELL_TYPING_MULTIPLEXER.fork0
2026-07-23 15:13:26 [runtime] (chunks_complete) ID.Healthy_1.SC_RNA_COUNTER_CS.SC_MULTI_CORE.LIBRARY_CELL_ANNOTATION_SERVICE.ANNOTATE_CELLS._ANNOTATE_CELLS.CALL_CELL_TYPES.CELL_TYPING_MULTIPLEXER.fork1
2026-07-23 15:13:26 [runtime] (ready)           ID.Healthy_1.SC_RNA_COUNTER_CS.SC_MULTI_CORE.LIBRARY_CELL_ANNOTATION_SERVICE.ANNOTATE_CELLS._ANNOTATE_CELLS.REMOVE_META_CELLS_FROM_CELL_TYPES.fork0
2026-07-23 15:13:26 [runtime] (run:local)       ID.Healthy_1.SC_RNA_COUNTER_CS.SC_MULTI_CORE.LIBRARY_CELL_ANNOTATION_SERVICE.ANNOTATE_CELLS._ANNOTATE_CELLS.REMOVE_META_CELLS_FROM_CELL_TYPES.fork0.split
2026-07-23 15:13:26 [runtime] (ready)           ID.Healthy_1.SC_RNA_COUNTER_CS.SC_MULTI_CORE.LIBRARY_CELL_ANNOTATION_SERVICE.ANNOTATE_CELLS._ANNOTATE_CELLS.REMOVE_META_CELLS_FROM_CELL_TYPES.fork1
2026-07-23 15:13:26 [runtime] (run:local)       ID.Healthy_1.SC_RNA_COUNTER_CS.SC_MULTI_CORE.LIBRARY_CELL_ANNOTATION_SERVICE.ANNOTATE_CELLS._ANNOTATE_CELLS.REMOVE_META_CELLS_FROM_CELL_TYPES.fork1.split
2026-07-23 15:13:26 [runtime] (split_complete)  ID.Healthy_1.SC_RNA_COUNTER_CS.SC_MULTI_CORE.LIBRARY_CELL_ANNOTATION_SERVICE.ANNOTATE_CELLS._ANNOTATE_CELLS.REMOVE_META_CELLS_FROM_CELL_TYPES.fork0
2026-07-23 15:13:27 [runtime] (run:local)       ID.Healthy_1.SC_RNA_COUNTER_CS.SC_MULTI_CORE.LIBRARY_CELL_ANNOTATION_SERVICE.ANNOTATE_CELLS._ANNOTATE_CELLS.REMOVE_META_CELLS_FROM_CELL_TYPES.fork0.join
2026-07-23 15:13:27 [runtime] (split_complete)  ID.Healthy_1.SC_RNA_COUNTER_CS.SC_MULTI_CORE.LIBRARY_CELL_ANNOTATION_SERVICE.ANNOTATE_CELLS._ANNOTATE_CELLS.REMOVE_META_CELLS_FROM_CELL_TYPES.fork1
2026-07-23 15:13:27 [runtime] (run:local)       ID.Healthy_1.SC_RNA_COUNTER_CS.SC_MULTI_CORE.LIBRARY_CELL_ANNOTATION_SERVICE.ANNOTATE_CELLS._ANNOTATE_CELLS.REMOVE_META_CELLS_FROM_CELL_TYPES.fork1.join
2026-07-23 15:13:27 [runtime] (join_complete)   ID.Healthy_1.SC_RNA_COUNTER_CS.SC_MULTI_CORE.LIBRARY_CELL_ANNOTATION_SERVICE.ANNOTATE_CELLS._ANNOTATE_CELLS.REMOVE_META_CELLS_FROM_CELL_TYPES.fork0
2026-07-23 15:13:27 [runtime] (complete)        ID.Healthy_1.SC_RNA_COUNTER_CS.SC_MULTI_CORE.LIBRARY_CELL_ANNOTATION_SERVICE.ANNOTATE_CELLS._ANNOTATE_CELLS.REMOVE_META_CELLS_FROM_CELL_TYPES.fork0
2026-07-23 15:13:27 [runtime] (join_complete)   ID.Healthy_1.SC_RNA_COUNTER_CS.SC_MULTI_CORE.LIBRARY_CELL_ANNOTATION_SERVICE.ANNOTATE_CELLS._ANNOTATE_CELLS.REMOVE_META_CELLS_FROM_CELL_TYPES.fork1
2026-07-23 15:13:27 [runtime] (ready)           ID.Healthy_1.SC_RNA_COUNTER_CS.SC_MULTI_CORE.LIBRARY_CELL_ANNOTATION_SERVICE.ANNOTATE_CELLS._ANNOTATE_CELLS.REPLACE_LOW_UMI_CELLS.fork0
2026-07-23 15:13:27 [runtime] (run:local)       ID.Healthy_1.SC_RNA_COUNTER_CS.SC_MULTI_CORE.LIBRARY_CELL_ANNOTATION_SERVICE.ANNOTATE_CELLS._ANNOTATE_CELLS.REPLACE_LOW_UMI_CELLS.fork0.split
2026-07-23 15:13:27 [runtime] (ready)           ID.Healthy_1.SC_RNA_COUNTER_CS.SC_MULTI_CORE.LIBRARY_CELL_ANNOTATION_SERVICE.ANNOTATE_CELLS._ANNOTATE_CELLS.REPLACE_LOW_UMI_CELLS.fork1
2026-07-23 15:13:27 [runtime] (run:local)       ID.Healthy_1.SC_RNA_COUNTER_CS.SC_MULTI_CORE.LIBRARY_CELL_ANNOTATION_SERVICE.ANNOTATE_CELLS._ANNOTATE_CELLS.REPLACE_LOW_UMI_CELLS.fork1.split
2026-07-23 15:13:29 [runtime] (split_complete)  ID.Healthy_1.SC_RNA_COUNTER_CS.SC_MULTI_CORE.LIBRARY_CELL_ANNOTATION_SERVICE.ANNOTATE_CELLS._ANNOTATE_CELLS.REPLACE_LOW_UMI_CELLS.fork0
2026-07-23 15:13:29 [runtime] (run:local)       ID.Healthy_1.SC_RNA_COUNTER_CS.SC_MULTI_CORE.LIBRARY_CELL_ANNOTATION_SERVICE.ANNOTATE_CELLS._ANNOTATE_CELLS.REPLACE_LOW_UMI_CELLS.fork0.join
2026-07-23 15:13:29 [runtime] (split_complete)  ID.Healthy_1.SC_RNA_COUNTER_CS.SC_MULTI_CORE.LIBRARY_CELL_ANNOTATION_SERVICE.ANNOTATE_CELLS._ANNOTATE_CELLS.REPLACE_LOW_UMI_CELLS.fork1
2026-07-23 15:13:29 [runtime] (run:local)       ID.Healthy_1.SC_RNA_COUNTER_CS.SC_MULTI_CORE.LIBRARY_CELL_ANNOTATION_SERVICE.ANNOTATE_CELLS._ANNOTATE_CELLS.REPLACE_LOW_UMI_CELLS.fork1.join
2026-07-23 15:13:30 [runtime] (join_complete)   ID.Healthy_1.SC_RNA_COUNTER_CS.SC_MULTI_CORE.LIBRARY_CELL_ANNOTATION_SERVICE.ANNOTATE_CELLS._ANNOTATE_CELLS.REPLACE_LOW_UMI_CELLS.fork1
2026-07-23 15:13:32 [runtime] (join_complete)   ID.Healthy_1.SC_RNA_COUNTER_CS.SC_MULTI_CORE.LIBRARY_CELL_ANNOTATION_SERVICE.ANNOTATE_CELLS._ANNOTATE_CELLS.REPLACE_LOW_UMI_CELLS.fork0
2026-07-23 15:13:32 [runtime] (complete)        ID.Healthy_1.SC_RNA_COUNTER_CS.SC_MULTI_CORE.LIBRARY_CELL_ANNOTATION_SERVICE.ANNOTATE_CELLS._ANNOTATE_CELLS.REPLACE_LOW_UMI_CELLS.fork1
2026-07-23 15:13:32 [runtime] (ready)           ID.Healthy_1.SC_RNA_COUNTER_CS.SC_MULTI_CORE.LIBRARY_CELL_ANNOTATION_SERVICE.ANNOTATE_CELLS._ANNOTATE_CELLS.SUMMARIZE_CELL_TYPES.GET_CLOUPE_CELL_TYPES.fork0
2026-07-23 15:13:32 [runtime] (run:local)       ID.Healthy_1.SC_RNA_COUNTER_CS.SC_MULTI_CORE.LIBRARY_CELL_ANNOTATION_SERVICE.ANNOTATE_CELLS._ANNOTATE_CELLS.SUMMARIZE_CELL_TYPES.GET_CLOUPE_CELL_TYPES.fork0.chnk0.main
2026-07-23 15:13:32 [runtime] (ready)           ID.Healthy_1.SC_RNA_COUNTER_CS.SC_MULTI_CORE.LIBRARY_CELL_ANNOTATION_SERVICE.ANNOTATE_CELLS._ANNOTATE_CELLS.SUMMARIZE_CELL_TYPES.GET_CLOUPE_CELL_TYPES.fork1
2026-07-23 15:13:32 [runtime] (ready)           ID.Healthy_1.SC_RNA_COUNTER_CS.SC_MULTI_CORE.LIBRARY_CELL_ANNOTATION_SERVICE.ANNOTATE_CELLS._ANNOTATE_CELLS.SUMMARIZE_CELL_TYPES.GET_CELL_TYPES_BOX_PLOT.fork0
2026-07-23 15:13:32 [runtime] (run:local)       ID.Healthy_1.SC_RNA_COUNTER_CS.SC_MULTI_CORE.LIBRARY_CELL_ANNOTATION_SERVICE.ANNOTATE_CELLS._ANNOTATE_CELLS.SUMMARIZE_CELL_TYPES.GET_CELL_TYPES_BOX_PLOT.fork0.split
2026-07-23 15:13:32 [runtime] (ready)           ID.Healthy_1.SC_RNA_COUNTER_CS.SC_MULTI_CORE.LIBRARY_CELL_ANNOTATION_SERVICE.ANNOTATE_CELLS._ANNOTATE_CELLS.SUMMARIZE_CELL_TYPES.GET_CELL_TYPES_BOX_PLOT.fork1
2026-07-23 15:13:32 [runtime] (ready)           ID.Healthy_1.SC_RNA_COUNTER_CS.SC_MULTI_CORE.LIBRARY_CELL_ANNOTATION_SERVICE.ANNOTATE_CELLS._ANNOTATE_CELLS.SUMMARIZE_CELL_TYPES.ANALYZE_CELL_TYPES.fork0
2026-07-23 15:13:33 [runtime] (run:local)       ID.Healthy_1.SC_RNA_COUNTER_CS.SC_MULTI_CORE.LIBRARY_CELL_ANNOTATION_SERVICE.ANNOTATE_CELLS._ANNOTATE_CELLS.SUMMARIZE_CELL_TYPES.ANALYZE_CELL_TYPES.fork0.chnk0.main
2026-07-23 15:13:33 [runtime] (ready)           ID.Healthy_1.SC_RNA_COUNTER_CS.SC_MULTI_CORE.LIBRARY_CELL_ANNOTATION_SERVICE.ANNOTATE_CELLS._ANNOTATE_CELLS.SUMMARIZE_CELL_TYPES.ANALYZE_CELL_TYPES.fork1
2026-07-23 15:13:33 [runtime] (ready)           ID.Healthy_1.SC_RNA_COUNTER_CS.SC_MULTI_CORE.LIBRARY_CELL_ANNOTATION_SERVICE.ANNOTATE_CELLS._ANNOTATE_CELLS.SUMMARIZE_CELL_TYPES.GET_CELL_TYPES_UMAP_PLOT.fork0
2026-07-23 15:13:33 [runtime] (run:local)       ID.Healthy_1.SC_RNA_COUNTER_CS.SC_MULTI_CORE.LIBRARY_CELL_ANNOTATION_SERVICE.ANNOTATE_CELLS._ANNOTATE_CELLS.SUMMARIZE_CELL_TYPES.GET_CELL_TYPES_UMAP_PLOT.fork0.chnk0.main
2026-07-23 15:13:33 [runtime] (ready)           ID.Healthy_1.SC_RNA_COUNTER_CS.SC_MULTI_CORE.LIBRARY_CELL_ANNOTATION_SERVICE.ANNOTATE_CELLS._ANNOTATE_CELLS.SUMMARIZE_CELL_TYPES.GET_CELL_TYPES_UMAP_PLOT.fork1
2026-07-23 15:13:33 [runtime] (ready)           ID.Healthy_1.SC_RNA_COUNTER_CS.SC_MULTI_CORE.LIBRARY_CELL_ANNOTATION_SERVICE.ANNOTATE_CELLS._ANNOTATE_CELLS.SUMMARIZE_CELL_TYPES.GET_CELL_TYPES_BARCHART.fork0
2026-07-23 15:13:33 [runtime] (run:local)       ID.Healthy_1.SC_RNA_COUNTER_CS.SC_MULTI_CORE.LIBRARY_CELL_ANNOTATION_SERVICE.ANNOTATE_CELLS._ANNOTATE_CELLS.SUMMARIZE_CELL_TYPES.GET_CELL_TYPES_BARCHART.fork0.chnk0.main
2026-07-23 15:13:33 [runtime] (ready)           ID.Healthy_1.SC_RNA_COUNTER_CS.SC_MULTI_CORE.LIBRARY_CELL_ANNOTATION_SERVICE.ANNOTATE_CELLS._ANNOTATE_CELLS.SUMMARIZE_CELL_TYPES.GET_CELL_TYPES_BARCHART.fork1
2026-07-23 15:13:33 [runtime] (ready)           ID.Healthy_1.SC_RNA_COUNTER_CS.SC_MULTI_CORE.LIBRARY_CELL_ANNOTATION_SERVICE.ANNOTATE_CELLS._ANNOTATE_CELLS.SUMMARIZE_CELL_TYPES.DISABLE_CAS_REPORTER_STAGES.fork0
2026-07-23 15:13:33 [runtime] (run:local)       ID.Healthy_1.SC_RNA_COUNTER_CS.SC_MULTI_CORE.LIBRARY_CELL_ANNOTATION_SERVICE.ANNOTATE_CELLS._ANNOTATE_CELLS.SUMMARIZE_CELL_TYPES.DISABLE_CAS_REPORTER_STAGES.fork0.chnk0.main
2026-07-23 15:13:33 [runtime] (ready)           ID.Healthy_1.SC_RNA_COUNTER_CS.SC_MULTI_CORE.LIBRARY_CELL_ANNOTATION_SERVICE.ANNOTATE_CELLS._ANNOTATE_CELLS.SUMMARIZE_CELL_TYPES.DISABLE_CAS_REPORTER_STAGES.fork1
2026-07-23 15:13:33 [runtime] (chunks_complete) ID.Healthy_1.SC_RNA_COUNTER_CS.SC_MULTI_CORE.LIBRARY_CELL_ANNOTATION_SERVICE.ANNOTATE_CELLS._ANNOTATE_CELLS.SUMMARIZE_CELL_TYPES.GET_CLOUPE_CELL_TYPES.fork0
2026-07-23 15:13:33 [runtime] (chunks_complete) ID.Healthy_1.SC_RNA_COUNTER_CS.SC_MULTI_CORE.LIBRARY_CELL_ANNOTATION_SERVICE.ANNOTATE_CELLS._ANNOTATE_CELLS.SUMMARIZE_CELL_TYPES.DISABLE_CAS_REPORTER_STAGES.fork0
2026-07-23 15:13:33 [runtime] (ready)           ID.Healthy_1.SC_RNA_COUNTER_CS.SC_MULTI_CORE.LIBRARY_CELL_ANNOTATION_SERVICE.ANNOTATE_CELLS.GENERATE_CAS_METRICS.fork0
2026-07-23 15:13:33 [runtime] (run:local)       ID.Healthy_1.SC_RNA_COUNTER_CS.SC_MULTI_CORE.LIBRARY_CELL_ANNOTATION_SERVICE.ANNOTATE_CELLS.GENERATE_CAS_METRICS.fork0.chnk0.main
2026-07-23 15:13:33 [runtime] (ready)           ID.Healthy_1.SC_RNA_COUNTER_CS.SC_MULTI_CORE.LIBRARY_CELL_ANNOTATION_SERVICE.ANNOTATE_CELLS.GENERATE_CAS_METRICS.fork1
2026-07-23 15:13:33 [runtime] (ready)           ID.Healthy_1.SC_RNA_COUNTER_CS.SC_MULTI_CORE.LIBRARY_CELL_ANNOTATION_SERVICE.ANNOTATE_CELLS._ANNOTATE_CELLS.SUMMARIZE_CELL_TYPES.CELL_TYPE_DIFF_EXP.WRITE_CELL_TYPES_H5.fork0
2026-07-23 15:13:33 [runtime] (run:local)       ID.Healthy_1.SC_RNA_COUNTER_CS.SC_MULTI_CORE.LIBRARY_CELL_ANNOTATION_SERVICE.ANNOTATE_CELLS._ANNOTATE_CELLS.SUMMARIZE_CELL_TYPES.CELL_TYPE_DIFF_EXP.WRITE_CELL_TYPES_H5.fork0.chnk0.main
2026-07-23 15:13:33 [runtime] (ready)           ID.Healthy_1.SC_RNA_COUNTER_CS.SC_MULTI_CORE.LIBRARY_CELL_ANNOTATION_SERVICE.ANNOTATE_CELLS._ANNOTATE_CELLS.SUMMARIZE_CELL_TYPES.CELL_TYPE_DIFF_EXP.WRITE_CELL_TYPES_H5.fork1
2026-07-23 15:13:33 [runtime] (chunks_complete) ID.Healthy_1.SC_RNA_COUNTER_CS.SC_MULTI_CORE.LIBRARY_CELL_ANNOTATION_SERVICE.ANNOTATE_CELLS.GENERATE_CAS_METRICS.fork0
2026-07-23 15:13:36 [runtime] (chunks_complete) ID.Healthy_1.SC_RNA_COUNTER_CS.SC_MULTI_CORE.LIBRARY_CELL_ANNOTATION_SERVICE.ANNOTATE_CELLS._ANNOTATE_CELLS.SUMMARIZE_CELL_TYPES.ANALYZE_CELL_TYPES.fork0
2026-07-23 15:13:37 [runtime] (split_complete)  ID.Healthy_1.SC_RNA_COUNTER_CS.SC_MULTI_CORE.LIBRARY_CELL_ANNOTATION_SERVICE.ANNOTATE_CELLS._ANNOTATE_CELLS.SUMMARIZE_CELL_TYPES.GET_CELL_TYPES_BOX_PLOT.fork0
2026-07-23 15:13:37 [runtime] (run:local)       ID.Healthy_1.SC_RNA_COUNTER_CS.SC_MULTI_CORE.LIBRARY_CELL_ANNOTATION_SERVICE.ANNOTATE_CELLS._ANNOTATE_CELLS.SUMMARIZE_CELL_TYPES.GET_CELL_TYPES_BOX_PLOT.fork0.join
2026-07-23 15:13:37 [runtime] (chunks_complete) ID.Healthy_1.SC_RNA_COUNTER_CS.SC_MULTI_CORE.LIBRARY_CELL_ANNOTATION_SERVICE.ANNOTATE_CELLS._ANNOTATE_CELLS.SUMMARIZE_CELL_TYPES.GET_CELL_TYPES_UMAP_PLOT.fork0
2026-07-23 15:13:39 [runtime] (chunks_complete) ID.Healthy_1.SC_RNA_COUNTER_CS.SC_MULTI_CORE.LIBRARY_CELL_ANNOTATION_SERVICE.ANNOTATE_CELLS._ANNOTATE_CELLS.SUMMARIZE_CELL_TYPES.CELL_TYPE_DIFF_EXP.WRITE_CELL_TYPES_H5.fork0
2026-07-23 15:13:39 [runtime] (ready)           ID.Healthy_1.SC_RNA_COUNTER_CS.SC_MULTI_CORE.LIBRARY_CELL_ANNOTATION_SERVICE.ANNOTATE_CELLS._ANNOTATE_CELLS.SUMMARIZE_CELL_TYPES.CELL_TYPE_DIFF_EXP.DIFF_EXP_CAS.fork0
2026-07-23 15:13:39 [runtime] (run:local)       ID.Healthy_1.SC_RNA_COUNTER_CS.SC_MULTI_CORE.LIBRARY_CELL_ANNOTATION_SERVICE.ANNOTATE_CELLS._ANNOTATE_CELLS.SUMMARIZE_CELL_TYPES.CELL_TYPE_DIFF_EXP.DIFF_EXP_CAS.fork0.split
2026-07-23 15:13:39 [runtime] (ready)           ID.Healthy_1.SC_RNA_COUNTER_CS.SC_MULTI_CORE.LIBRARY_CELL_ANNOTATION_SERVICE.ANNOTATE_CELLS._ANNOTATE_CELLS.SUMMARIZE_CELL_TYPES.CELL_TYPE_DIFF_EXP.DIFF_EXP_CAS.fork1
2026-07-23 15:13:39 [runtime] (split_complete)  ID.Healthy_1.SC_RNA_COUNTER_CS.SC_MULTI_CORE.LIBRARY_CELL_ANNOTATION_SERVICE.ANNOTATE_CELLS._ANNOTATE_CELLS.SUMMARIZE_CELL_TYPES.CELL_TYPE_DIFF_EXP.DIFF_EXP_CAS.fork0
2026-07-23 15:13:39 [runtime] (run:local)       ID.Healthy_1.SC_RNA_COUNTER_CS.SC_MULTI_CORE.LIBRARY_CELL_ANNOTATION_SERVICE.ANNOTATE_CELLS._ANNOTATE_CELLS.SUMMARIZE_CELL_TYPES.CELL_TYPE_DIFF_EXP.DIFF_EXP_CAS.fork0.chnk0.main
2026-07-23 15:13:39 [runtime] (run:local)       ID.Healthy_1.SC_RNA_COUNTER_CS.SC_MULTI_CORE.LIBRARY_CELL_ANNOTATION_SERVICE.ANNOTATE_CELLS._ANNOTATE_CELLS.SUMMARIZE_CELL_TYPES.CELL_TYPE_DIFF_EXP.DIFF_EXP_CAS.fork0.chnk1.main
2026-07-23 15:13:40 [runtime] (chunks_complete) ID.Healthy_1.SC_RNA_COUNTER_CS.SC_MULTI_CORE.LIBRARY_CELL_ANNOTATION_SERVICE.ANNOTATE_CELLS._ANNOTATE_CELLS.SUMMARIZE_CELL_TYPES.GET_CELL_TYPES_BARCHART.fork0
2026-07-23 15:13:43 [runtime] (join_complete)   ID.Healthy_1.SC_RNA_COUNTER_CS.SC_MULTI_CORE.LIBRARY_CELL_ANNOTATION_SERVICE.ANNOTATE_CELLS._ANNOTATE_CELLS.SUMMARIZE_CELL_TYPES.GET_CELL_TYPES_BOX_PLOT.fork0
2026-07-23 15:14:08 [runtime] (chunks_complete) ID.Healthy_1.SC_RNA_COUNTER_CS.SC_MULTI_CORE.LIBRARY_CELL_ANNOTATION_SERVICE.ANNOTATE_CELLS._ANNOTATE_CELLS.SUMMARIZE_CELL_TYPES.CELL_TYPE_DIFF_EXP.DIFF_EXP_CAS.fork0
2026-07-23 15:14:08 [runtime] (run:local)       ID.Healthy_1.SC_RNA_COUNTER_CS.SC_MULTI_CORE.LIBRARY_CELL_ANNOTATION_SERVICE.ANNOTATE_CELLS._ANNOTATE_CELLS.SUMMARIZE_CELL_TYPES.CELL_TYPE_DIFF_EXP.DIFF_EXP_CAS.fork0.join
2026-07-23 15:14:09 [runtime] (join_complete)   ID.Healthy_1.SC_RNA_COUNTER_CS.SC_MULTI_CORE.LIBRARY_CELL_ANNOTATION_SERVICE.ANNOTATE_CELLS._ANNOTATE_CELLS.SUMMARIZE_CELL_TYPES.CELL_TYPE_DIFF_EXP.DIFF_EXP_CAS.fork0
2026-07-23 15:14:09 [runtime] (ready)           ID.Healthy_1.SC_RNA_COUNTER_CS.SC_MULTI_CORE.LIBRARY_CELL_ANNOTATION_SERVICE.ANNOTATE_CELLS._ANNOTATE_CELLS.SUMMARIZE_CELL_TYPES.CELL_TYPE_DIFF_EXP.TIDY_CELLTYPE_DIFFEXP.fork0
2026-07-23 15:14:09 [runtime] (run:local)       ID.Healthy_1.SC_RNA_COUNTER_CS.SC_MULTI_CORE.LIBRARY_CELL_ANNOTATION_SERVICE.ANNOTATE_CELLS._ANNOTATE_CELLS.SUMMARIZE_CELL_TYPES.CELL_TYPE_DIFF_EXP.TIDY_CELLTYPE_DIFFEXP.fork0.chnk0.main
2026-07-23 15:14:09 [runtime] (ready)           ID.Healthy_1.SC_RNA_COUNTER_CS.SC_MULTI_CORE.LIBRARY_CELL_ANNOTATION_SERVICE.ANNOTATE_CELLS._ANNOTATE_CELLS.SUMMARIZE_CELL_TYPES.CELL_TYPE_DIFF_EXP.TIDY_CELLTYPE_DIFFEXP.fork1
2026-07-23 15:14:12 [runtime] (chunks_complete) ID.Healthy_1.SC_RNA_COUNTER_CS.SC_MULTI_CORE.LIBRARY_CELL_ANNOTATION_SERVICE.ANNOTATE_CELLS._ANNOTATE_CELLS.SUMMARIZE_CELL_TYPES.CELL_TYPE_DIFF_EXP.TIDY_CELLTYPE_DIFFEXP.fork0
2026-07-23 15:14:13 [runtime] (ready)           ID.Healthy_1.SC_RNA_COUNTER_CS.SC_MULTI_CORE.LIBRARY_CELL_ANNOTATION_SERVICE.ANNOTATE_CELLS.GENERATE_CAS_WEBSUMMARY.fork0
2026-07-23 15:14:13 [runtime] (run:local)       ID.Healthy_1.SC_RNA_COUNTER_CS.SC_MULTI_CORE.LIBRARY_CELL_ANNOTATION_SERVICE.ANNOTATE_CELLS.GENERATE_CAS_WEBSUMMARY.fork0.chnk0.main
2026-07-23 15:14:13 [runtime] (ready)           ID.Healthy_1.SC_RNA_COUNTER_CS.SC_MULTI_CORE.LIBRARY_CELL_ANNOTATION_SERVICE.ANNOTATE_CELLS.GENERATE_CAS_WEBSUMMARY.fork1
2026-07-23 15:14:13 [runtime] (ready)           ID.Healthy_1.SC_RNA_COUNTER_CS.SC_MULTI_CORE.LIBRARY_CELL_ANNOTATION_SERVICE.STRUCTIFY_CELL_ANNOTATION_OUTS
2026-07-23 15:14:13 [runtime] (run:local)       ID.Healthy_1.SC_RNA_COUNTER_CS.SC_MULTI_CORE.LIBRARY_CELL_ANNOTATION_SERVICE.STRUCTIFY_CELL_ANNOTATION_OUTS.fork0.chnk0.main
2026-07-23 15:14:13 [runtime] (chunks_complete) ID.Healthy_1.SC_RNA_COUNTER_CS.SC_MULTI_CORE.LIBRARY_CELL_ANNOTATION_SERVICE.STRUCTIFY_CELL_ANNOTATION_OUTS
2026-07-23 15:14:13 [runtime] (chunks_complete) ID.Healthy_1.SC_RNA_COUNTER_CS.SC_MULTI_CORE.LIBRARY_CELL_ANNOTATION_SERVICE.ANNOTATE_CELLS.GENERATE_CAS_WEBSUMMARY.fork0
2026-07-23 15:14:13 [runtime] (ready)           ID.Healthy_1.SC_RNA_COUNTER_CS.SC_MULTI_CORE.LIBRARY_CELL_ANNOTATION_SERVICE.MERGE_ANNOTATION_METRICS
2026-07-23 15:14:13 [runtime] (run:local)       ID.Healthy_1.SC_RNA_COUNTER_CS.SC_MULTI_CORE.LIBRARY_CELL_ANNOTATION_SERVICE.MERGE_ANNOTATION_METRICS.fork0.chnk0.main
2026-07-23 15:14:13 [runtime] (ready)           ID.Healthy_1.SC_RNA_COUNTER_CS.SC_MULTI_CORE.LIBRARY_CELL_ANNOTATION_SERVICE.MERGE_ANNOTATION_ANALYSIS_METRICS
2026-07-23 15:14:13 [runtime] (run:local)       ID.Healthy_1.SC_RNA_COUNTER_CS.SC_MULTI_CORE.LIBRARY_CELL_ANNOTATION_SERVICE.MERGE_ANNOTATION_ANALYSIS_METRICS.fork0.chnk0.main
2026-07-23 15:14:13 [runtime] (chunks_complete) ID.Healthy_1.SC_RNA_COUNTER_CS.SC_MULTI_CORE.LIBRARY_CELL_ANNOTATION_SERVICE.MERGE_ANNOTATION_METRICS
2026-07-23 15:14:13 [runtime] (chunks_complete) ID.Healthy_1.SC_RNA_COUNTER_CS.SC_MULTI_CORE.LIBRARY_CELL_ANNOTATION_SERVICE.MERGE_ANNOTATION_ANALYSIS_METRICS
2026-07-23 15:15:55 [runtime] (update)          ID.Healthy_1.SC_RNA_COUNTER_CS.SC_MULTI_CORE.MULTI_GEM_WELL_PROCESSOR.COUNT_GEM_WELL_PROCESSOR._BASIC_SC_RNA_COUNTER._POST_MATRIX_COMPUTATION._CELLS_REPORTER.SUBSAMPLE_READS.fork0 chunks running (1/3 completed)
2026-07-23 15:22:23 [runtime] (update)          ID.Healthy_1.SC_RNA_COUNTER_CS.SC_MULTI_CORE.MULTI_GEM_WELL_PROCESSOR.COUNT_GEM_WELL_PROCESSOR._BASIC_SC_RNA_COUNTER._POST_MATRIX_COMPUTATION._CELLS_REPORTER.SUBSAMPLE_READS.fork0 chunks running (1/3 completed)
2026-07-23 15:26:55 [runtime] (chunks_complete) ID.Healthy_1.SC_RNA_COUNTER_CS.SC_MULTI_CORE.MULTI_GEM_WELL_PROCESSOR.COUNT_GEM_WELL_PROCESSOR._BASIC_SC_RNA_COUNTER._POST_MATRIX_COMPUTATION._CELLS_REPORTER.SUBSAMPLE_READS
2026-07-23 15:26:55 [runtime] (run:local)       ID.Healthy_1.SC_RNA_COUNTER_CS.SC_MULTI_CORE.MULTI_GEM_WELL_PROCESSOR.COUNT_GEM_WELL_PROCESSOR._BASIC_SC_RNA_COUNTER._POST_MATRIX_COMPUTATION._CELLS_REPORTER.SUBSAMPLE_READS.fork0.join
2026-07-23 15:26:58 [runtime] (join_complete)   ID.Healthy_1.SC_RNA_COUNTER_CS.SC_MULTI_CORE.MULTI_GEM_WELL_PROCESSOR.COUNT_GEM_WELL_PROCESSOR._BASIC_SC_RNA_COUNTER._POST_MATRIX_COMPUTATION._CELLS_REPORTER.SUBSAMPLE_READS
2026-07-23 15:26:58 [runtime] (ready)           ID.Healthy_1.SC_RNA_COUNTER_CS.SC_MULTI_CORE.MULTI_GEM_WELL_PROCESSOR.COUNT_GEM_WELL_PROCESSOR._BASIC_SC_RNA_COUNTER._POST_MATRIX_COMPUTATION._CELLS_REPORTER.SUMMARIZE_BASIC_REPORTS
2026-07-23 15:26:58 [runtime] (run:local)       ID.Healthy_1.SC_RNA_COUNTER_CS.SC_MULTI_CORE.MULTI_GEM_WELL_PROCESSOR.COUNT_GEM_WELL_PROCESSOR._BASIC_SC_RNA_COUNTER._POST_MATRIX_COMPUTATION._CELLS_REPORTER.SUMMARIZE_BASIC_REPORTS.fork0.split
2026-07-23 15:27:00 [runtime] (split_complete)  ID.Healthy_1.SC_RNA_COUNTER_CS.SC_MULTI_CORE.MULTI_GEM_WELL_PROCESSOR.COUNT_GEM_WELL_PROCESSOR._BASIC_SC_RNA_COUNTER._POST_MATRIX_COMPUTATION._CELLS_REPORTER.SUMMARIZE_BASIC_REPORTS
2026-07-23 15:27:00 [runtime] (run:local)       ID.Healthy_1.SC_RNA_COUNTER_CS.SC_MULTI_CORE.MULTI_GEM_WELL_PROCESSOR.COUNT_GEM_WELL_PROCESSOR._BASIC_SC_RNA_COUNTER._POST_MATRIX_COMPUTATION._CELLS_REPORTER.SUMMARIZE_BASIC_REPORTS.fork0.join
2026-07-23 15:27:21 [runtime] (join_complete)   ID.Healthy_1.SC_RNA_COUNTER_CS.SC_MULTI_CORE.MULTI_GEM_WELL_PROCESSOR.COUNT_GEM_WELL_PROCESSOR._BASIC_SC_RNA_COUNTER._POST_MATRIX_COMPUTATION._CELLS_REPORTER.SUMMARIZE_BASIC_REPORTS
2026-07-23 15:27:21 [runtime] (ready)           ID.Healthy_1.SC_RNA_COUNTER_CS.SC_MULTI_CORE.MULTI_GEM_WELL_PROCESSOR.COUNT_GEM_WELL_PROCESSOR._BASIC_SC_RNA_COUNTER._POST_MATRIX_COMPUTATION.MERGE_METRICS
2026-07-23 15:27:21 [runtime] (run:local)       ID.Healthy_1.SC_RNA_COUNTER_CS.SC_MULTI_CORE.MULTI_GEM_WELL_PROCESSOR.COUNT_GEM_WELL_PROCESSOR._BASIC_SC_RNA_COUNTER._POST_MATRIX_COMPUTATION.MERGE_METRICS.fork0.chnk0.main
2026-07-23 15:27:21 [runtime] (chunks_complete) ID.Healthy_1.SC_RNA_COUNTER_CS.SC_MULTI_CORE.MULTI_GEM_WELL_PROCESSOR.COUNT_GEM_WELL_PROCESSOR._BASIC_SC_RNA_COUNTER._POST_MATRIX_COMPUTATION.MERGE_METRICS
2026-07-23 15:27:24 [runtime] (ready)           ID.Healthy_1.SC_RNA_COUNTER_CS.SC_MULTI_CORE.COUNT_ANALYZER._TARGETED_ANALYZER.CALCULATE_TARGETED_METRICS
2026-07-23 15:27:24 [runtime] (ready)           ID.Healthy_1.SC_RNA_COUNTER_CS.SC_MULTI_CORE.COUNT_ANALYZER._TARGETED_ANALYZER.MERGE_METRICS
2026-07-23 15:27:25 [runtime] (ready)           ID.Healthy_1.SC_RNA_COUNTER_CS.SC_MULTI_CORE.MULTI_REPORTER.SUMMARIZE_REPORTS
2026-07-23 15:27:25 [runtime] (run:local)       ID.Healthy_1.SC_RNA_COUNTER_CS.SC_MULTI_CORE.MULTI_REPORTER.SUMMARIZE_REPORTS.fork0.split
2026-07-23 15:27:28 [runtime] (split_complete)  ID.Healthy_1.SC_RNA_COUNTER_CS.SC_MULTI_CORE.MULTI_REPORTER.SUMMARIZE_REPORTS
2026-07-23 15:27:28 [runtime] (run:local)       ID.Healthy_1.SC_RNA_COUNTER_CS.SC_MULTI_CORE.MULTI_REPORTER.SUMMARIZE_REPORTS.fork0.join
2026-07-23 15:27:40 [runtime] (join_complete)   ID.Healthy_1.SC_RNA_COUNTER_CS.SC_MULTI_CORE.MULTI_REPORTER.SUMMARIZE_REPORTS
2026-07-23 15:27:40 [runtime] (ready)           ID.Healthy_1.SC_RNA_COUNTER_CS.SC_MULTI_CORE.WRITE_MULTI_WEB_SUMMARY
2026-07-23 15:27:40 [runtime] (ready)           ID.Healthy_1.SC_RNA_COUNTER_CS.SC_MULTI_CORE.MERGE_METRICS
2026-07-23 15:27:40 [runtime] (run:local)       ID.Healthy_1.SC_RNA_COUNTER_CS.SC_MULTI_CORE.MERGE_METRICS.fork0.chnk0.main
2026-07-23 15:27:40 [runtime] (ready)           ID.Healthy_1.SC_RNA_COUNTER_CS.SC_MULTI_CORE.MULTI_REPORTER.CLOUPE_PREPROCESS
2026-07-23 15:27:40 [runtime] (run:local)       ID.Healthy_1.SC_RNA_COUNTER_CS.SC_MULTI_CORE.MULTI_REPORTER.CLOUPE_PREPROCESS.fork0.split
2026-07-23 15:27:40 [runtime] (chunks_complete) ID.Healthy_1.SC_RNA_COUNTER_CS.SC_MULTI_CORE.MERGE_METRICS
2026-07-23 15:27:42 [runtime] (split_complete)  ID.Healthy_1.SC_RNA_COUNTER_CS.SC_MULTI_CORE.MULTI_REPORTER.CLOUPE_PREPROCESS
2026-07-23 15:27:42 [runtime] (run:local)       ID.Healthy_1.SC_RNA_COUNTER_CS.SC_MULTI_CORE.MULTI_REPORTER.CLOUPE_PREPROCESS.fork0.join
2026-07-23 15:28:27 [runtime] (join_complete)   ID.Healthy_1.SC_RNA_COUNTER_CS.SC_MULTI_CORE.MULTI_REPORTER.CLOUPE_PREPROCESS
2026-07-23 15:28:27 [runtime] (ready)           ID.Healthy_1.SC_RNA_COUNTER_CS.SC_MULTI_CORE.MULTI_REPORTER.APPEND_CELL_TYPES_CLOUPE
2026-07-23 15:28:27 [runtime] (run:local)       ID.Healthy_1.SC_RNA_COUNTER_CS.SC_MULTI_CORE.MULTI_REPORTER.APPEND_CELL_TYPES_CLOUPE.fork0.chnk0.main
2026-07-23 15:28:30 [runtime] (chunks_complete) ID.Healthy_1.SC_RNA_COUNTER_CS.SC_MULTI_CORE.MULTI_REPORTER.APPEND_CELL_TYPES_CLOUPE
2026-07-23 15:28:30 [runtime] (ready)           ID.Healthy_1.SC_RNA_COUNTER_CS.SC_MULTI_CORE.MULTI_REPORTER.CHOOSE_CLOUPE
2026-07-23 15:28:30 [runtime] (run:local)       ID.Healthy_1.SC_RNA_COUNTER_CS.SC_MULTI_CORE.MULTI_REPORTER.CHOOSE_CLOUPE.fork0.chnk0.main
2026-07-23 15:28:30 [runtime] (chunks_complete) ID.Healthy_1.SC_RNA_COUNTER_CS.SC_MULTI_CORE.MULTI_REPORTER.CHOOSE_CLOUPE

Outputs:
- Run summary HTML:                         /mnt/hydra/ubs/shared/users/Nuria/courses/scRNA/CellRenger/results/01_preprocessing/02_cellranger/Healthy_1/outs/web_summary.html
- Run summary CSV:                          /mnt/hydra/ubs/shared/users/Nuria/courses/scRNA/CellRenger/results/01_preprocessing/02_cellranger/Healthy_1/outs/metrics_summary.csv
- BAM:                                      null
- BAM BAI index:                            null
- BAM CSI index:                            null
- Filtered feature-barcode matrices MEX:    /mnt/hydra/ubs/shared/users/Nuria/courses/scRNA/CellRenger/results/01_preprocessing/02_cellranger/Healthy_1/outs/filtered_feature_bc_matrix
- Filtered feature-barcode matrices HDF5:   /mnt/hydra/ubs/shared/users/Nuria/courses/scRNA/CellRenger/results/01_preprocessing/02_cellranger/Healthy_1/outs/filtered_feature_bc_matrix.h5
- Unfiltered feature-barcode matrices MEX:  /mnt/hydra/ubs/shared/users/Nuria/courses/scRNA/CellRenger/results/01_preprocessing/02_cellranger/Healthy_1/outs/raw_feature_bc_matrix
- Unfiltered feature-barcode matrices HDF5: /mnt/hydra/ubs/shared/users/Nuria/courses/scRNA/CellRenger/results/01_preprocessing/02_cellranger/Healthy_1/outs/raw_feature_bc_matrix.h5
- Secondary analysis output CSV:            /mnt/hydra/ubs/shared/users/Nuria/courses/scRNA/CellRenger/results/01_preprocessing/02_cellranger/Healthy_1/outs/analysis
- Per-molecule read information:            /mnt/hydra/ubs/shared/users/Nuria/courses/scRNA/CellRenger/results/01_preprocessing/02_cellranger/Healthy_1/outs/molecule_info.h5
- CRISPR-specific analysis:                 null
- Antibody aggregate barcodes:              null
- Loupe Browser file:                       /mnt/hydra/ubs/shared/users/Nuria/courses/scRNA/CellRenger/results/01_preprocessing/02_cellranger/Healthy_1/outs/cloupe.cloupe
- Feature Reference:                        null
- Target Panel File:                        null
- Probe Set File:                           null
- cell_types:                               {
    10x_Cloud:
      cell_types:                              null
      cell_annotation_results:                 null
      cell_annotation_differential_expression: null
    Azimuth:
      cell_types:                              /mnt/hydra/ubs/shared/users/Nuria/courses/scRNA/CellRenger/results/01_preprocessing/02_cellranger/Healthy_1/outs/cell_types/Azimuth/cell_types.csv
      cell_annotation_results:                 null
      cell_annotation_differential_expression: /mnt/hydra/ubs/shared/users/Nuria/courses/scRNA/CellRenger/results/01_preprocessing/02_cellranger/Healthy_1/outs/cell_types/Azimuth/cell_annotation_differential_expression.csv
  }

Alerts:
Could not read token information from None: No token supplied; skipping annotation via 10x Cloud

Waiting 6 seconds for UI to do final refresh.
Pipestance completed successfully!

2026-07-23 15:28:38 Shutting down.
Saving pipestance info to "Healthy_1/Healthy_1.mri.tgz"
